trans_x	trans_y	trans_z	rot_x	rot_y	rot_z	dvars_std	dvars_nstd	dvars_vstd	framewise_displacement	aqi	aor
0.0	-0.0	0.0	-0.0	0.0	-0.0	n/a	n/a	n/a	n/a	0.0301802	0.0419
-0.0035	-0.0556	-0.034	0.0001658062789394613	-0.00012217304763960306	0.00023212879051524583	1.18200517	58.46723938	1.11714734	0.1191054058547155	0.0313128	0.03666
-0.0039	-0.0739	-0.0212	0.00026878070480712676	-8.726646259971648e-05	0.000312413936106985	1.14605474	56.68897247	1.08321278	0.04240830782496456	0.030395	0.0312
0.0056	-0.0742	0.0347	0.0004206243497306334	6.632251157578452e-05	0.00040666171571467877	1.15744126	57.25220108	1.09167053	0.08568401993533507	0.0286059	0.02649
0.0179	-0.0464	0.1125	2.96705972839036e-05	0.00028797932657906436	0.0005969026041820607	1.20073903	59.39390182	1.11547099	0.15804257279586958	0.0263565	0.01957
0.0219	-0.0624	0.0979	-0.0009459684545809266	4.886921905584123e-05	0.0007243116395776468	1.17150307	57.94775772	1.10273667	0.101707909739182	0.0257917	0.01587
0.0294	-0.0838	0.1504	-0.0016074482410867775	0.0001291543646475804	0.0008726646259971648	1.14869845	56.81974411	1.08768921	0.1259058959258554	0.0244389	0.01183
0.0436	-0.0763	0.2515	-0.002234021442552742	0.0003595378259108319	0.001117010721276371	1.19664621	59.19145203	1.11008304	0.1778651379004211	0.0217168	0.0065
0.0601	-0.0447	0.3334	-0.0028431413514987624	0.000661479786505851	0.0013369222070276565	1.1963284	59.17573166	1.10338559	0.18654866776461623	0.0189236	0.00256
0.0571	-0.0752	0.2777	-0.003267256359733385	0.00020420352248333657	0.0014590952546672592	1.12993658	55.89169693	1.06613218	0.13937821599483696	0.0198882	0.00261
0.0617	-0.0918	0.3296	-0.0038781215979314006	0.000307177948351002	0.0015638150097869194	1.11728001	55.26564789	1.04475795	0.11402797095926706	0.0185864	0.00131
0.0795	-0.0533	0.4697	-0.004750786223928565	0.000757472895365539	0.0017366026057343581	1.19235873	58.97937393	1.08468611	0.27118735844795705	0.0162321	0.0006
0.0855	-0.0386	0.4829	-0.005153957281139256	0.000736528944341607	0.001980948701013564	1.12757373	55.77482224	1.05799914	0.06732305517569144	0.0157819	0.00039
0.0762	-0.0742	0.387	-0.004956735075663896	0.00039095375244672985	0.0019076448724298022	1.14339685	56.55750275	1.05439439	0.17160506129769995	0.0164597	0.00062
0.0743	-0.0766	0.387	-0.004879940588576145	0.00041713369122664475	0.0018884462506578647	1.08355868	53.59764099	1.02260645	0.010408652381980127	0.015851	0.00057
0.0816	-0.0453	0.4349	-0.0049741883681838385	0.0005602506898901797	0.0018832102629018814	1.07837296	53.3411293	1.02681378	0.09863003830136056	0.0154154	0.00049
0.0853	-0.0	0.5145	-0.005530948399570031	0.0010454522219446034	0.0017715091907742446	1.09738719	54.28166199	1.0278408	0.18628313177841255	0.0145922	0.00032
0.0837	-0.026	0.4208	-0.0054873151682701725	0.0005270894341022875	0.001932079481957723	1.13869011	56.32468414	1.05773361	0.15742831551628256	0.0155784	0.00051
0.0809	-0.0439	0.388	-0.005265658353266893	0.00034557519189487725	0.00199142067652553	1.07235777	53.04359055	1.01682135	0.07662561258892485	0.0158767	0.0005
0.0847	-0.0343	0.433	-0.005190609195431136	0.0006370451769779302	0.0019058995431778078	1.07960248	53.40194702	1.0279833	0.08100201381332654	0.0159937	0.00059
0.0926	0.027	0.524	-0.0059027035302448225	0.0011711159280881952	0.001912880860185785	1.12035692	55.41784286	1.03767412	0.22285732014659643	0.015227	0.00037
0.0918	0.0045	0.4294	-0.005635668154689691	0.0006021385919380437	0.002007128639793479	1.14589953	56.6812973	1.06109277	0.16441302456564888	0.0162546	0.00063
0.0858	-0.0243	0.375	-0.005304055596810768	0.00038571776469074686	0.001998401993533507	1.08685911	53.76089478	1.02415585	0.11703800156930957	0.0172594	0.00081
0.0869	-0.0304	0.4068	-0.005131268000863328	0.0006230825429619757	0.002005383310541485	1.08932364	53.88279724	1.02890895	0.059856684561332314	0.0171894	0.00096
0.0934	0.0387	0.5192	-0.0058259090431570714	0.001256637061435917	0.002038544566329377	1.14914465	56.84181595	1.04766902	0.25606784082777884	0.0161173	0.00055
0.0943	0.0331	0.4473	-0.005848598323432999	0.0007941248096574199	0.0021223203704251047	1.12814283	55.80297089	1.04435118	0.10684886680750764	0.01623	0.00046
0.09	-0.0161	0.3746	-0.005351179486614613	0.00039095375244672985	0.0021275563581810873	1.10182893	54.50136948	1.03342986	0.17149129408925287	0.0174072	0.00078
0.0892	-0.0294	0.3959	-0.005216789134211051	0.00048345620280242926	0.0021327923459370708	1.09489191	54.15823364	1.0317519	0.04700643952576226	0.0170246	0.00065
0.094	0.0308	0.5148	-0.005972516700324595	0.0011466813185602744	0.0020839231268812296	1.15863419	57.31120682	1.05631565	0.2572910950463616	0.0151219	0.00032
0.0994	0.0495	0.4976	-0.00613134166225608	0.0009337511498169664	0.0021118483949131386	1.07137966	52.99521255	1.01000024	0.06128401993533515	0.0144287	0.00027
0.0922	-0.0161	0.3946	-0.0054873151682701725	0.0004206243497306334	0.002197369528260861	1.12151146	55.4749527	1.03578657	0.2379337213709981	0.0158766	0.0004
0.093	-0.0306	0.4042	-0.005386086071654501	0.00041713369122664475	0.002251474735072685	1.09664273	54.2448349	1.02944003	0.0328412480965742	0.0155922	0.00042
0.1019	0.0279	0.5471	-0.005958554066308641	0.00124965574442794	0.0022602013813326567	1.17516446	58.1288681	1.07818274	0.28098583470577043	0.0143866	0.00024
0.0997	0.0264	0.5124	-0.005982988675836561	0.00102799892942466	0.002314306588144481	1.11797607	55.30007553	1.04647661	0.05340983156715126	0.0145761	0.00021
0.0943	-0.0145	0.4054	-0.005550147021341968	0.00039968039870670147	0.0022951079663725434	1.1419754	56.48719025	1.05368245	0.2073179403492245	0.0153013	0.00037
0.0935	-0.0219	0.4146	-0.005365142120630569	0.00042760566673861073	0.0023020892833805202	1.07200563	53.02617264	1.01582525	0.028395574287564312	0.014971	0.00024
0.0985	0.014	0.5473	-0.005682792044493536	0.0013788101090755204	0.002410299697004169	1.166574	57.70394516	1.07034076	0.24245323899117627	0.0145199	0.00026
0.0978	0.0385	0.5437	-0.005984734005088556	0.0013718287920675431	0.002441715623540067	1.13792741	56.2869606	1.0525967	0.04581696020694478	0.0140233	0.00024
0.0952	0.0009	0.4269	-0.005612978874413764	0.0005305800926062762	0.002436479635784084	1.13446116	56.1155014	1.04585299	0.21791199089460203	0.0140441	0.00025
0.0942	-0.0242	0.4206	-0.005270894341022875	0.0004747295565424576	0.0023928464044842257	1.07270312	53.06067657	1.01588391	0.05447841503772832	0.0147014	0.00037
0.1006	0.0288	0.5704	-0.005785766470361203	0.001403244718603441	0.002385865087476248	1.20488095	59.59878159	1.0865728	0.2817184304203645	0.0136727	0.00026
0.1067	0.0525	0.5443	-0.006016149931624455	0.001090830782496456	0.0024678955623199817	1.11545992	55.17561722	1.0356814	0.08714139361069856	0.0133979	0.00021
0.0968	0.0122	0.4205	-0.005544911033585984	0.000486946861306418	0.002319542575900464	1.15234387	57.00006104	1.05510325	0.23517379028240132	0.0144451	0.00028
0.0944	0.0038	0.4227	-0.005468116546498235	0.00047123889803846896	0.0023492131731843676	1.08364987	53.60214996	1.02038677	0.01910865238198013	0.0141792	0.00032
0.1015	0.0595	0.561	-0.006021385919380436	0.0012077678423800758	0.0023701571242082994	1.17829347	58.28364563	1.07001559	0.26663711341238705	0.0134658	0.00023
0.1066	0.0918	0.5725	-0.006309365245959501	0.0013212142437597075	0.0025272367568877894	1.0764401	53.24552155	1.00851509	0.07682526803190928	0.0135509	0.00025
0.0987	0.041	0.4353	-0.005782275811857213	0.0005044001538263612	0.0024678955623199817	1.17551887	58.14640045	1.05825416	0.2660622359301721	0.0145729	0.00033
0.0976	0.0354	0.411	-0.005597270911145814	0.00042760566673861073	0.002398082392240209	1.08249998	53.54526901	1.01429797	0.047580627893946174	0.0142599	0.00029
0.102	0.037	0.495	-0.0055710909723658995	0.000926769832808989	0.0024556782575560214	1.13681626	56.23199844	1.05527139	0.11914699850830526	0.01448	0.00035
0.1077	0.0883	0.6058	-0.006225589441863773	0.001562069680534925	0.002462659574563999	1.15114594	56.94080734	1.0490704	0.23263898171158937	0.014037	0.00026
0.1053	0.0705	0.5081	-0.0061453042962720346	0.000947713783832921	0.0025324727446437724	1.1348474	56.13460541	1.04133307	0.1561227106186758	0.0135524	0.0002
0.0985	0.0327	0.4197	-0.005789257128865191	0.0004572762640225143	0.00243473430653209	1.09313345	54.0712471	1.02024402	0.18021115626644665	0.0144947	0.00026
0.0961	0.027	0.4457	-0.0056374134839416844	0.0006754424205218055	0.0024260076602721182	1.09213567	54.02189255	1.03125822	0.05303682238413845	0.0140812	0.00024
0.1032	0.0882	0.5767	-0.006359979794267337	0.0014608405839192536	0.0024155356847601517	1.16289973	57.52220154	1.05191608	0.27522182246175336	0.0132126	0.00016
0.1069	0.1039	0.535	-0.006483898171158934	0.0011606439525762293	0.0024975661596038853	1.06711221	52.78412628	1.0101989	0.08640727415391773	0.0130489	0.0002
0.0978	0.0492	0.4189	-0.0060353485533963915	0.0004886921905584122	0.0024801128670839424	1.14003658	56.39128494	1.04286113	0.2367977336150152	0.014636	0.00037
0.0957	0.0353	0.4223	-0.005820673055401089	0.0005410520681182421	0.002432988977280095	1.09312177	54.0706749	1.02263897	0.035107963267949	0.0145265	0.0003
0.1029	0.0895	0.5643	-0.006346017160251381	0.0014538592669112763	0.002464404903815993	1.17231441	57.98789215	1.06999093	0.2768783615089613	0.0129128	0.00015
0.1034	0.0853	0.5265	-0.006270968002415626	0.0012897983172238095	0.002522000769131806	1.09857941	54.34062958	1.02952227	0.057335298641951825	0.0132945	0.00025
0.0985	0.0449	0.4244	-0.0059027035302448225	0.000598647933434055	0.0024399702942880727	1.1491977	56.84443665	1.0570986	0.20447226654021447	0.0145316	0.00034
0.0973	0.0398	0.4285	-0.005691518690753509	0.0005410520681182421	0.0024120450262561633	1.09167635	53.99917603	1.01894913	0.0252352986419518	0.0136448	0.00017
0.1016	0.0713	0.5601	-0.0059079395180008055	0.0013578661580515882	0.0024172810140121463	1.18063438	58.39943695	1.07561489	0.21932354524683131	0.0137061	0.00024
0.1012	0.0955	0.56	-0.0062186081248557954	0.0013002702927357754	0.0024678955623199817	1.13373065	56.07936859	1.0488008	0.045643951023931886	0.0134794	0.00023
0.0943	0.0649	0.4402	-0.005876523591464907	0.0005951572749300663	0.002515019452123829	1.13475645	56.13011169	1.04714058	0.21201607205002232	0.0136627	0.00025
0.0916	0.0458	0.4314	-0.005461135229490257	0.0006003932626860494	0.0024766222085799536	1.08743119	53.78918839	1.01334816	0.0535510796637254	0.0139542	0.00026
0.0989	0.0936	0.5806	-0.005984734005088556	0.0014329153158873448	0.002553416695667704	1.20781708	59.74401093	1.07381863	0.2759457657943672	0.0128728	0.00019
0.1026	0.1209	0.5462	-0.006108652381980153	0.0011938052083641214	0.002647664475275398	1.09340358	54.08460999	1.02335188	0.08826381320112572	0.012091	0.00014
0.0955	0.0774	0.4242	-0.005516985765554075	0.0005340707511102648	0.002567379329683659	1.14327383	56.5514183	1.04616845	0.23918431096358367	0.0132865	0.00022
0.0943	0.0784	0.4307	-0.0056374134839416844	0.0004886921905584122	0.002513274122871834	1.07604527	53.2259903	1.00757051	0.01969557428756435	0.0128021	0.0002
0.1027	0.1088	0.5307	-0.005612978874413764	0.0010681415022205296	0.0026040312439755396	1.15554285	57.15829468	1.05278628	0.1735320521146871	0.0128301	0.00018
0.1049	0.1662	0.6044	-0.006138322979264057	0.001567305668290908	0.0025761059759436306	1.11112082	54.96098709	1.01892776	0.18592167694762907	0.0123804	0.00018
0.1001	0.1536	0.4938	-0.005996951309852516	0.0009250245035569946	0.002637192499763432	1.12318361	55.55766678	1.03394375	0.1702369678982628	0.0119156	0.0002
0.0968	0.1374	0.4202	-0.0057368972513053606	0.0004921828490624009	0.0025115287936198403	1.07390821	53.12028503	1.00429465	0.13402797095926705	0.012563	0.00021
0.0964	0.1273	0.4435	-0.005494296485278149	0.0006422811647339132	0.002501056818107874	1.09030724	53.93144989	1.01862415	0.053958552860534456	0.0126051	0.00025
0.1048	0.1904	0.5857	-0.006204645490839842	0.0015987215948268059	0.002522000769131806	1.17853224	58.29545593	1.05470736	0.29808666933392586	0.0118484	0.00017
0.1079	0.2013	0.5402	-0.0062447880636357115	0.0012461650859239514	0.002623229865747477	1.08500838	53.66934967	1.00603834	0.08419640891571972	0.0116858	0.00012
0.0995	0.1436	0.4196	-0.005672320068981571	0.0005550147021341969	0.0025726153174396417	1.14005005	56.39195251	1.03462264	0.2524116463375865	0.0128476	0.00028
0.0958	0.1262	0.4146	-0.005510004448546098	0.0005410520681182421	0.0025464353786597265	1.07348728	53.0994606	1.01272502	0.036222909661567125	0.0128546	0.00029
0.1002	0.158	0.534	-0.00585732496969297	0.0012164944886400475	0.0025446900494077327	1.15138149	56.95245743	1.05613699	0.2068254135460336	0.0118125	0.0001
0.1035	0.1918	0.5743	-0.006276203990171609	0.001481784534943186	0.0025778513051956248	1.04555845	51.71797943	0.98344789	0.11326651612848349	0.011867	0.00017
0.0964	0.1462	0.4584	-0.005918411493512772	0.0008203047484373349	0.002590068609959585	1.13462424	56.12356949	1.03363443	0.22017447939643248	0.0124372	0.00017
0.0976	0.1289	0.4191	-0.0057421332390613445	0.0005515240436302081	0.002574360646691636	1.07627118	53.23716736	1.00537185	0.08083834612632515	0.0124518	0.00017
0.1049	0.1505	0.5369	-0.005806710421385134	0.001228711793404008	0.002617993877991494	1.14086151	56.43209076	1.054995	0.18596990816987244	0.012083	0.00019
0.1072	0.1752	0.5596	-0.006117379028240125	0.0014154620233674013	0.0026930430358272505	1.11112428	54.96115494	1.02943239	0.07832339973270698	0.0117545	0.00013
0.1003	0.1379	0.4272	-0.005722934617289407	0.0006544984694978735	0.0026790804018112955	1.15410316	57.08708572	1.05232252	0.23506852994181	0.0126878	0.00024
0.0985	0.1143	0.4237	-0.005407030022678433	0.0006126105674500097	0.002581341963699613	1.06905949	52.88044739	1.01973279	0.051676546738526	0.0126736	0.00016
0.1044	0.1412	0.5611	-0.005796238445873169	0.001377064779823526	0.0026092672317315226	1.17957759	58.34716415	1.07001262	0.2292793951800081	0.0124308	0.0002
0.1065	0.1676	0.5593	-0.006173229564303944	0.0013473941825396225	0.0026581364507873638	1.1015234	54.48625183	1.02043314	0.053076546738526034	0.011721	0.00015
0.0982	0.1275	0.4401	-0.005838126347921033	0.000645771823237902	0.0026546457922833754	1.11763418	55.28316498	1.03273391	0.21961081170943103	0.0125045	0.00018
0.0968	0.1184	0.441	-0.0055920349233898325	0.000710349005561692	0.0025586526834236872	1.08559108	53.69816971	1.02175829	0.031733085785733944	0.0124097	0.00017
0.1083	0.1748	0.583	-0.006190682856823887	0.001520181778487061	0.0026354471705114374	1.16588926	57.67007446	1.05703097	0.2841637596723587	0.0112717	0.0001
0.1082	0.1708	0.5174	-0.006059783162924312	0.0010890854532444615	0.0026808257310632897	1.07129991	52.99126816	1.00787022	0.10006872898470132	0.0112244	0.00012
0.1007	0.1316	0.419	-0.005639158813193679	0.0005672320068981572	0.0025883232807075904	1.12319183	55.55807114	1.03011736	0.19684901232163185	0.0124505	0.0002
0.0999	0.1325	0.4195	-0.005635668154689691	0.0005654866776461627	0.0025778513051956248	1.06721282	52.78910065	1.00272219	0.002985398163397432	0.0119576	0.00011
0.1063	0.1542	0.5318	-0.0056635934227216	0.0012269664641520136	0.0025918139392115793	1.13544047	56.16394424	1.05356584	0.1755683844276858	0.0117767	0.00012
0.1094	0.1958	0.5893	-0.006176720222807932	0.00152367243699105	0.0026406831582674204	1.08106911	53.47449493	1.00447656	0.14513509959906049	0.0113701	0.00012
0.1059	0.1666	0.4791	-0.005881759579220891	0.0008918632477691023	0.0027401669256310974	1.1208986	55.44464111	1.02389134	0.1942126800086333	0.0113026	0.00013
0.1011	0.1476	0.4188	-0.005612978874413764	0.0006300638599699529	0.0026616271092913526	1.06036091	52.45017242	0.99272979	0.11455599544730108	0.0119437	0.00015
0.102	0.1523	0.5004	-0.005564109655357922	0.0011833332328521555	0.0026581364507873638	1.13256681	56.02180099	1.05012088	0.1174814625221016	0.0119336	0.00016
0.1102	0.2065	0.5968	-0.0062290801003677615	0.001637118838370681	0.002647664475275398	1.13306689	56.04653549	1.03366941	0.21526140130201665	0.0112336	0.00015
0.1076	0.1774	0.463	-0.005806710421385134	0.0008499753457212384	0.0028099800957108703	1.13328803	56.05747223	1.03451701	0.23409143960337708	0.0112606	0.00011
0.1004	0.1472	0.4201	-0.005516985765554075	0.0006702064327658224	0.0027244589623631483	1.08067787	53.45514297	1.00360986	0.10805073510670989	0.0121528	0.00023
0.1084	0.1806	0.5524	-0.005801474433629152	0.0014608405839192536	0.0027192229746071652	1.16668236	57.70930862	1.06130887	0.22771794034922457	0.0115716	0.00012
0.1124	0.2234	0.5845	-0.0062482787221397	0.001567305668290908	0.0027384215963791032	1.05370402	52.12089539	0.98650608	0.10752339973270704	0.0112098	0.00014
0.1045	0.1732	0.4488	-0.005653121447209634	0.0008080874436733745	0.0027890361446869386	1.14219475	56.49803925	1.03269445	0.2640495023927718	0.0120692	0.00015
0.1015	0.1635	0.4156	-0.005599016240397809	0.0005794493116621174	0.0026930430358272505	1.09333754	54.0813446	1.01015687	0.0648368223841384	0.0121822	0.00015
0.1069	0.184	0.5166	-0.005628686837681713	0.0012147491593880533	0.0027401669256310974	1.14242351	56.50935364	1.0476495	0.1625047167406842	0.0114222	0.00014
0.1132	0.2218	0.6004	-0.006075491126192261	0.0017313666179783749	0.0027104963283471934	1.0777086	53.3082695	1.00314951	0.1775546172192388	0.011613	0.00017
0.1099	0.1927	0.4913	-0.005806710421385134	0.0010524335389525807	0.0028571039855147177	1.13356781	56.07131577	1.0316718	0.1962160720500223	0.0114857	0.00018
0.1051	0.1788	0.4278	-0.0057089719832734516	0.0006230825429619757	0.0026965336943312393	1.08366048	53.60267258	1.00285041	0.11658298626428833	0.0117249	0.00019
0.1075	0.177	0.4937	-0.005490805826774161	0.0011519173063162574	0.0027331856086231197	1.12027097	55.41359329	1.03740611	0.10928264170727264	0.0118592	0.00018
0.1137	0.2436	0.6001	-0.006201154832335853	0.0017208946424664088	0.0027104963283471934	1.12895656	55.84321976	1.02329388	0.2443007810993885	0.0115389	0.00013
0.1116	0.2379	0.538	-0.006173229564303944	0.0013439035240356337	0.002816961412718848	1.07964134	53.40386963	1.00124921	0.09546907354171687	0.0111395	0.00014
0.1059	0.1981	0.4237	-0.005701990666265475	0.0006841690667817771	0.0027296949501191318	1.10963905	54.88768768	1.02272897	0.2207119908946021	0.0121543	0.0002
0.1053	0.1948	0.4574	-0.005513495107050087	0.0009669124056048585	0.0026773350725593018	1.13030887	55.91011047	1.03580443	0.06377993877991489	0.0123062	0.00017
0.1146	0.2689	0.5887	-0.006344271830999388	0.0017470745812463236	0.0026529004630313807	1.16700733	57.72538376	1.04961458	0.2964686754559344	0.0116127	0.00012
0.1155	0.2965	0.5738	-0.006696828339902243	0.0016528268016386303	0.002700024352835228	1.02057874	50.48236847	0.96941231	0.06809640891571983	0.0109719	8e-05
0.1122	0.2315	0.4614	-0.005914920835008782	0.0009791297103688187	0.0027925268031909274	1.09164488	53.99761963	1.00576512	0.2581053523259485	0.0115866	0.00023
0.1069	0.2043	0.4231	-0.005756095873077299	0.000731292956585624	0.0027104963283471934	1.09108341	53.96984482	1.01761296	0.09523460952792061	0.0120299	0.00019
0.1106	0.2508	0.5612	-0.006157521601035994	0.0015376350710070042	0.0027192229746071652	1.17865384	58.30147171	1.06875951	0.2491247244320024	0.0107644	7e-05
0.1136	0.2791	0.5737	-0.006412339671827167	0.0015655603390389136	0.002712241657599188	1.04245758	51.56459427	0.98258705	0.05828623279155293	0.0108766	0.00015
0.1076	0.225	0.4443	-0.005789257128865191	0.0007801621756414653	0.002780309498426967	1.1325959	56.02323914	1.03550687	0.2633274273593602	0.0114689	0.00015
0.1004	0.2133	0.4134	-0.0057037359955174685	0.0006736970912698113	0.00266860842629933	1.06465101	52.66238403	0.99941713	0.06498436449235069	0.011517	0.00012
0.1085	0.2244	0.5332	-0.0057648225193372695	0.0013473941825396225	0.0027401669256310974	1.15326583	57.04566574	1.05786388	0.179317105721069	0.0111694	9e-05
0.1104	0.2608	0.5853	-0.006267477343911637	0.0016074482410867775	0.0027611108766550296	1.09672201	54.24875641	1.01329207	0.1295826417072727	0.0112336	9e-05
0.1062	0.2316	0.4579	-0.0058538343111889804	0.0008883725892651138	0.0027349309378751144	1.13421857	56.10350418	1.03195639	0.21874493116621177	0.0114321	0.0002
0.1017	0.2074	0.4186	-0.005536184387326013	0.0006335545184739417	0.0026127578902355115	1.06380224	52.62039948	0.99820986	0.10273205211468708	0.012019	0.00019
0.1101	0.2359	0.5496	-0.005787511799613196	0.0014067353771074296	0.0026895523773232616	1.1647346	57.61296463	1.05775063	0.22296513790042097	0.0118134	0.00015
0.113	0.2685	0.5595	-0.006105161723476165	0.00147131255943122	0.002686061718819273	1.08975732	53.9042511	1.0042385	0.0646858882345374	0.0109922	0.00012
0.1069	0.2356	0.4357	-0.0057368972513053606	0.0007696902001294993	0.0027279496208671367	1.10685468	54.74996567	1.01821527	0.2183887366760195	0.0115164	0.00013
0.1017	0.2178	0.4251	-0.005461135229490257	0.0008517206749732328	0.0027401669256310974	1.0778296	53.31425476	1.00299084	0.052100490071139885	0.0120397	0.00017
0.1106	0.2646	0.5666	-0.006023131248632432	0.0017208946424664088	0.002713986986851182	1.17447424	58.09473038	1.0522297	0.27006749627076326	0.0112475	0.00012
0.1109	0.2802	0.5284	-0.0060580378336723174	0.0014486232791552935	0.0028309240467348025	1.05414283	52.14260101	0.99178903	0.07530575041173107	0.0105138	9e-05
0.1017	0.2342	0.4107	-0.00562345084992573	0.0008604473212332044	0.0028221974004748306	1.11148965	54.97922897	1.0195598	0.2244744793964324	0.0116938	0.0002
0.1018	0.2345	0.4433	-0.005605997557405786	0.0010349802464326373	0.0027349309378751144	1.09860122	54.34171295	1.0225571	0.04696263401595466	0.0114884	0.00015
0.1144	0.2925	0.5865	-0.006169738905799955	0.0017941984710501708	0.002750638901143063	1.16773915	57.76157761	1.04479591	0.2807333768139826	0.0107967	0.0001
0.1099	0.2658	0.4958	-0.005839871677173027	0.0012514010736799342	0.0027960174616949163	1.10632896	54.72395706	1.01469395	0.1678021593274509	0.011103	0.00012
0.1041	0.2404	0.4139	-0.005644394800949661	0.0007714355293814937	0.0026878070480712674	1.106426	54.72875595	1.01897988	0.15228264170727276	0.0119407	0.00016
0.1077	0.2582	0.511	-0.005799729104377157	0.001296779634231787	0.0027296949501191318	1.15007019	56.88759232	1.04290041	0.15462831551628267	0.0108818	0.00014
0.1105	0.2868	0.5705	-0.00605105651666434	0.0016999506914424768	0.0027558748888990466	1.08612657	53.72465897	1.00403625	0.12493392041388938	0.0111744	0.0001
0.1034	0.2622	0.4562	-0.005813691738393112	0.0010035643198967395	0.002846632010002751	1.12972796	55.88137817	1.02961508	0.1972254135460335	0.0113302	0.00015
0.1016	0.2565	0.4195	-0.005750859885321316	0.0007068583470577034	0.0027349309378751144	1.06736887	52.79681778	0.99092015	0.06776194490192343	0.0109641	0.00015
0.1066	0.2743	0.5248	-0.005770058507093254	0.001424188669627373	0.0027838001569309555	1.14132833	56.45518112	1.0395192	0.1673699081698725	0.0108222	0.0001
0.111	0.3105	0.559	-0.006192428186075881	0.0015376350710070042	0.0028012534494508993	1.11115551	54.96269989	1.01352763	0.10246346864411011	0.0107289	0.00011
0.107	0.2843	0.4388	-0.005925392810520749	0.000778416846389471	0.0028763026072866553	1.11367691	55.08742142	1.01891693	0.2054651379004211	0.0107074	0.00011
0.1051	0.2627	0.4286	-0.005578072289373877	0.0008133234314293575	0.0027942721324429216	1.07340944	53.09561157	1.00396527	0.056912879051524666	0.0111297	0.00018
0.1087	0.3032	0.5586	-0.006061528492176306	0.0016388641676226754	0.0027855454861829498	1.14289272	56.53256226	1.03450995	0.23998617926278595	0.0108439	9e-05
0.1091	0.309	0.5142	-0.006152285613280011	0.0012426744274199627	0.0028885199120506156	1.07481086	53.16493607	0.99588406	0.08009606435870416	0.0105374	8e-05
0.1012	0.271	0.409	-0.005672320068981571	0.0006998770300497262	0.002816961412718848	1.0967176	54.24853516	1.01018578	0.20581607205002225	0.011701	0.00016
0.1001	0.267	0.4487	-0.005579817618625871	0.0009302604913129776	0.0027890361446869386	1.10446095	54.63155746	1.02349635	0.06234055898254307	0.0116878	0.00015
0.1101	0.3298	0.5823	-0.006204645490839842	0.0016877333866785165	0.0028710666195306722	1.16590667	57.6709404	1.03954889	0.2796165621211622	0.0107657	7e-05
0.1081	0.3228	0.5045	-0.006023131248632432	0.0011606439525762293	0.002928662484846485	1.06854141	52.85482025	0.99295566	0.12510997708127558	0.0106204	7e-05
0.1013	0.288	0.4123	-0.005658357434965616	0.000710349005561692	0.0028361600344907856	1.09811556	54.31768799	1.01163329	0.17917856055185255	0.0112043	0.00015
0.1066	0.3125	0.524	-0.005878268920716902	0.0013962634015954637	0.0028274333882308137	1.15900612	57.3296051	1.05400466	0.18722762640225152	0.0103799	0.0001
0.1128	0.3482	0.5578	-0.006141813637768045	0.0015498523757709647	0.0028431413514987624	1.07295895	53.07332993	0.99758084	0.0973420827247296	0.0100075	5e-05
0.1047	0.3076	0.4343	-0.005735151922053367	0.0008464846872172499	0.002820452071222836	1.13068855	55.92889404	1.01922115	0.22883593422721596	0.0107777	0.00012
0.1042	0.2997	0.4162	-0.005670574739729577	0.000705113017805709	0.0027244589623631483	1.07184601	53.01828003	0.99599975	0.041597098029750874	0.0106768	0.00015
0.1085	0.344	0.5498	-0.0060021872976084994	0.0015707963267948967	0.0027715828521669953	1.1413095	56.45425034	1.03893863	0.24442098783359767	0.0102607	7e-05
0.108	0.3651	0.5505	-0.006181956210563915	0.001579522973054868	0.0027576202181510408	1.04986525	51.9310112	0.97262732	0.03242290966156711	0.0102738	8e-05
0.1028	0.3296	0.4297	-0.005831145030913055	0.0009581857593448868	0.002816961412718848	1.12665927	55.72958374	1.01665733	0.21307447939643237	0.0107992	0.0001
0.1031	0.3213	0.407	-0.005696754678509492	0.0006824237375297829	0.0026930430358272505	1.05886161	52.37601471	0.98083347	0.05800353755551333	0.0105081	5e-05
0.1072	0.3387	0.5187	-0.0057142079710294355	0.001420698011123384	0.0027680921936630064	1.15333521	57.04909515	1.03874657	0.1747388361974651	0.0107763	0.00011
0.1116	0.3894	0.5765	-0.006291911953439557	0.0017174039839624202	0.0027558748888990466	1.09441388	54.13458633	0.99997326	0.15723136300065588	0.0105032	0.00013
0.1091	0.3589	0.463	-0.0059027035302448225	0.0009843656981248017	0.0028571039855147177	1.1038301	54.60035324	1.00103987	0.2076737902824012	0.0100278	5e-05
0.1037	0.3303	0.4089	-0.005541420375081997	0.0007190756518216638	0.0027314402793711255	1.0515784	52.01575089	0.97897651	0.12571184538047783	0.010995	0.00014
0.1085	0.3498	0.534	-0.0057421332390613445	0.0014748032179352085	0.0028379053637427798	1.15995324	57.3764534	1.04947172	0.20254527572322736	0.0108823	0.00015
0.1121	0.3829	0.5454	-0.006085963101704227	0.0013962634015954637	0.002829178717482808	1.10314894	54.56666183	1.00800843	0.06965481626212998	0.0103152	3e-05
0.1058	0.3533	0.4181	-0.005682792044493536	0.0006928957130417488	0.0027872908154349444	1.11218524	55.01363754	1.01462095	0.22062133239061343	0.0109517	9e-05
0.1034	0.3449	0.428	-0.005483824509766183	0.0008011061266653974	0.0027401669256310974	1.07221806	53.03668213	1.00198925	0.038415091907742414	0.0110682	0.00012
0.1108	0.3978	0.5787	-0.006016149931624455	0.0017243853009703976	0.002808234766458876	1.16498268	57.6252327	1.04063468	0.28718362184955254	0.0107046	4e-05
0.1116	0.4026	0.5333	-0.006080727113948244	0.0013840460968315032	0.0028780479365386495	1.03858006	51.37279892	0.97762124	0.0747364778271229	0.0103411	6e-05
0.1035	0.358	0.4198	-0.005686282702997525	0.000752236907609556	0.0027628562059070234	1.11267328	55.03777695	1.00753989	0.22327226654021468	0.0111415	0.00012
0.1006	0.3591	0.4325	-0.00558330827712986	0.0008377580409572782	0.002782054827678961	1.06429791	52.64491653	0.99219279	0.0270847090493662	0.0106429	0.00015
0.1131	0.4119	0.5818	-0.006065019150680294	0.0016545721308906245	0.002858849314766712	1.15794241	57.27698898	1.03875749	0.28336597252857654	0.0107039	0.0001
0.1143	0.4257	0.5565	-0.006164502918043972	0.00147131255943122	0.0029234264970905022	1.01555741	50.23399353	0.95685621	0.057666026057343646	0.010505	4e-05
0.1062	0.3884	0.4394	-0.005787511799613196	0.0007644542123735164	0.002841396022246768	1.10120273	54.47039413	1.00113663	0.22079399701661065	0.0106733	0.00013
0.1045	0.3832	0.4184	-0.0056758107274855595	0.0007347836150896127	0.0027942721324429216	1.06665373	52.76144791	0.98764964	0.037324777960769405	0.0108058	8e-05
0.1112	0.4225	0.5381	-0.005860815628196958	0.001500983156715123	0.002782054827678961	1.10443473	54.63026428	1.01692825	0.21387108735504348	0.010753	7e-05
0.1133	0.4523	0.5508	-0.0062447880636357115	0.0015917402778188286	0.002844886680750757	1.04157674	51.5210228	0.9721953	0.07147807048071268	0.0106268	6e-05
0.1102	0.4074	0.4374	-0.005766567848589266	0.0009494591130849152	0.0029722957161463434	1.09470809	54.14913559	1.00211168	0.2237955207587972	0.011103	0.00014
0.1066	0.3942	0.4041	-0.005612978874413764	0.0007853981633974483	0.0028763026072866553	1.07868528	53.35657883	0.99249104	0.07078215163613284	0.0107372	7e-05
0.1152	0.4167	0.5364	-0.005733406592801372	0.0016929693744344998	0.0029967303256742636	1.13163066	55.97549057	1.0349747	0.2208213323906134	0.0102897	8e-05
0.1157	0.4407	0.5485	-0.006056292504420323	0.0016999506914424768	0.0029164451800825246	1.06214809	52.53857803	0.98667496	0.0571076187109333	0.00995749	9e-05
0.1091	0.3946	0.4229	-0.005712462641777441	0.0009372418083209549	0.003035127569218139	1.12351525	55.57406998	1.01376162	0.2395610567450009	0.010197	9e-05
0.1086	0.3924	0.4678	-0.00566010276421761	0.0011414453308042916	0.00294262511886244	1.09982252	54.40211868	1.01802141	0.0650532925199433	0.0094642	5e-05
0.1139	0.4325	0.5747	-0.005958554066308641	0.0017610372152622785	0.0029269171555944902	1.094607	54.14413834	1.00263743	0.19898755749084837	0.00984609	8e-05
0.1083	0.4039	0.4658	-0.005653121447209634	0.0011466813185602744	0.0030490902032340936	1.1073699	54.77544785	1.00774464	0.19519807817203075	0.00968534	5e-05
0.106	0.3955	0.4048	-0.005551892350593962	0.0006841690667817771	0.0028728119487826664	1.06204391	52.53342056	0.97666346	0.10870098014227975	0.0096795	6e-05
0.1067	0.3937	0.4552	-0.005290092962794812	0.0011047934165124105	0.0029181905093345183	1.09775937	54.3000679	1.01062159	0.08929011490408177	0.010159	0.0001
0.1153	0.4485	0.5832	-0.0058538343111889804	0.0018552849948699724	0.0029530970943744054	1.13220751	56.00402451	1.01857554	0.2588569755895809	0.0100988	5e-05
0.1126	0.4512	0.5087	-0.005794493116621174	0.0013177235852557187	0.0030979594222899347	1.06778502	52.8174057	0.9848044	0.11698824660487944	0.00949198	6e-05
0.1038	0.4183	0.4116	-0.005447172595474302	0.0007609635538695277	0.0030072023011862297	1.07515907	53.18215942	0.99014933	0.1885418836818384	0.0102221	0.0001
0.1025	0.4254	0.445	-0.005375614096142535	0.0009564404300928925	0.0029513517651224112	1.09240162	54.03505325	1.00126441	0.05794429558094751	0.0100479	9e-05
0.1139	0.4889	0.5828	-0.005972516700324595	0.0017767451785302276	0.0029897490086662863	1.14509678	56.6415863	1.02053661	0.2854802298081635	0.00981933	6e-05
0.1121	0.4832	0.5333	-0.005895722213236845	0.0014748032179352085	0.0030997047515419294	1.03638947	51.26444244	0.95814769	0.08143460952792057	0.00961071	8e-05
0.1063	0.4423	0.4226	-0.005537929716578008	0.000853466004225227	0.0030124382889422127	1.10564697	54.69022369	1.00005169	0.21071980864842677	0.0100343	0.00011
0.1053	0.4344	0.4069	-0.0054873151682701725	0.0007470009198535729	0.00294262511886244	1.03536928	51.21397781	0.96387495	0.03594464013796315	0.00965118	5e-05
0.1098	0.4422	0.5212	-0.005483824509766183	0.0015166911199830724	0.0029548424236264	1.13118684	55.9535408	1.02681701	0.16586990816987243	0.0100259	0.00013
0.1117	0.4866	0.5805	-0.00606676447993229	0.001837831702350029	0.0029024825460665696	1.08203423	53.52223206	0.98887885	0.1534220215046447	0.00995982	7e-05
0.112	0.4531	0.4636	-0.005729915934297383	0.001001818990644745	0.0030124382889422127	1.09427643	54.12778854	0.99144317	0.21484085001079167	0.00931114	8e-05
0.1082	0.4235	0.4277	-0.005347688828110626	0.0008691739674931761	0.0028221974004748306	1.06238949	52.55051804	0.98060518	0.1045556508902854	0.00992733	9e-05
0.1133	0.4591	0.5711	-0.005766567848589266	0.0017941984710501708	0.0028326693759867967	1.13966286	56.37280273	1.02384691	0.2518187749773801	0.0103062	7e-05
0.1172	0.4672	0.5247	-0.005859070298944964	0.001424188669627373	0.0029269171555944902	1.06579888	52.71916199	0.98627272	0.08623800156930947	0.00971597	9e-05
0.1108	0.4353	0.41	-0.005506513790042109	0.0007592182246175333	0.0028728119487826664	1.09680378	54.2528038	0.99762784	0.206581608036226	0.00996095	7e-05
0.1111	0.4306	0.4886	-0.005384340742402506	0.0013177235852557187	0.002853613327010729	1.13383698	56.08462906	1.01931818	0.11859385150248634	0.0104544	8e-05
0.1185	0.5017	0.5924	-0.006173229564303944	0.0019181168479417679	0.002897246558310587	1.10014331	54.41799164	0.99138502	0.25394576579436734	0.0102605	6e-05
0.119	0.4773	0.4911	-0.005920156822764766	0.0011205013797803594	0.002904227875318564	1.08605456	53.72109604	0.99072399	0.17908347633542823	0.0101398	3e-05
0.1092	0.4284	0.386	-0.0054663712172462395	0.0006859143960337716	0.002717477645355171	1.11106277	54.95811462	1.00740205	0.21755614096142528	0.0110143	0.00013
0.1108	0.4278	0.4583	-0.005344198169606637	0.0011414453308042916	0.002764601535159018	1.11976552	55.38859177	1.02191727	0.1057413936106984	0.0108706	0.00013
0.1166	0.4941	0.5818	-0.006115633698988131	0.0018622663118779497	0.002829178717482808	1.13365042	56.07540131	1.01159698	0.273441684638947	0.0106345	0.0001
0.1193	0.4885	0.5219	-0.006005677956112489	0.0014311699866353504	0.00294262511886244	1.01848066	50.37858963	0.95421378	0.10092492347489362	0.010048	4e-05
0.1118	0.4355	0.3999	-0.005501277802286126	0.0007435102613495844	0.0028675759610266834	1.10158026	54.48906708	1.00001152	0.24585545184739427	0.0110199	0.0001
0.1099	0.43	0.4334	-0.005379104754646523	0.0010210176124166828	0.0028221974004748306	1.09360409	54.09453201	1.00536187	0.06315294796292774	0.0106964	0.00016
0.1211	0.4798	0.5739	-0.005866051615952942	0.0018413223608540175	0.0029740410453983376	1.15111887	56.93946838	1.02835957	0.274454762733363	0.0101551	1e-05
0.1238	0.5042	0.5639	-0.006117379028240125	0.0017505652397503124	0.0030578168494940655	0.98497647	48.72132492	0.93788136	0.05839301687433076	0.0100001	6e-05
0.1189	0.4524	0.4282	-0.005539675045830002	0.0008866272600131194	0.0029880036794142917	1.11860549	55.33121109	1.00756407	0.26797275661135433	0.0102742	0.0001
0.1159	0.4431	0.4081	-0.005426228644450371	0.0008098327729253688	0.002904227875318564	1.08620369	53.72847366	0.99131878	0.046100834628155535	0.0102998	7e-05
0.1251	0.4846	0.5518	-0.005661848093469605	0.0017034413499464657	0.0029408797896104456	1.14443254	56.60873032	1.03418881	0.2526939970166105	0.0103466	5e-05
0.1305	0.4996	0.5507	-0.005859070298944964	0.0015882496193148398	0.002993239667170275	1.0181284	50.36116409	0.94727296	0.03973869068334076	0.0100456	7e-05
0.1288	0.4647	0.4483	-0.005499532473034132	0.0007923794804054256	0.0028379053637427798	1.07937407	53.39064789	0.98328768	0.2045371134123871	0.0102937	7e-05
0.1206	0.4519	0.3953	-0.005400048705670456	0.000593411945678072	0.002686061718819273	1.04069901	51.47760773	0.9694911	0.0965147473507268	0.0104743	9e-05
0.1208	0.4567	0.4356	-0.005242969072990966	0.0008587019919812101	0.0027855454861829498	1.03195572	51.04512405	0.97351959	0.07139267231731522	0.010746	0.00012
0.1199	0.5172	0.5386	-0.005815437067645105	0.0015812683023068625	0.002766346864411012	1.07269466	53.06025696	0.98321787	0.2301116463375865	0.0107414	8e-05
0.1224	0.5265	0.5185	-0.0059306287982767315	0.0014433872913993105	0.002829178717482808	1.04826605	51.85190582	0.96600675	0.047695229730548655	0.0105886	8e-05
0.1159	0.4886	0.4118	-0.005632177496185701	0.0008936085770210966	0.0029897490086662863	1.07261181	53.05615997	0.9881568	0.20154001538263608	0.0106865	8e-05
0.1135	0.4833	0.4035	-0.005304055596810768	0.000879645943005142	0.002825688058978819	1.07448506	53.14881516	0.99365021	0.04130727415391772	0.0110977	0.0001
0.1226	0.5483	0.5398	-0.005928883469024737	0.0016510814723866359	0.002893755899806598	1.13304424	56.04541397	1.01707968	0.283616562121162	0.0107092	0.00018
0.1197	0.5319	0.4832	-0.0059027035302448225	0.0013700834628155487	0.0030072023011862297	1.05357254	52.11439133	0.98149707	0.09693121748653155	0.0102673	0.00012
0.1146	0.4834	0.3803	-0.005462880558742251	0.000778416846389471	0.002981022362406315	1.06076264	52.470047	0.98481147	0.20938347633542825	0.010816	0.00012
0.1148	0.4712	0.3937	-0.0052778756580308525	0.0008237954069413235	0.002879793265790644	1.07182121	53.0170517	0.98928049	0.042380627893946046	0.0110887	0.0002
0.1201	0.5318	0.5349	-0.005839871677173027	0.0016493361431346415	0.002858849314766712	1.13288546	56.03755951	1.02471964	0.27752403531797126	0.0101978	0.00015
0.1219	0.5425	0.5052	-0.005855579640440977	0.0014573499254152652	0.003003711642682241	1.04034412	51.4600563	0.97013076	0.059827825445142736	0.00972509	9e-05
0.1111	0.4878	0.3857	-0.0053616514621265795	0.0008272860654453122	0.0029897490086662863	1.10474348	54.64553452	1.00142486	0.2418977336150152	0.0111443	0.00015
0.1094	0.4735	0.3788	-0.005300564938306779	0.0007155849933176752	0.0029199358385865134	1.05113602	51.99386978	0.97787937	0.035030038301360505	0.0109864	0.00016
0.1136	0.5069	0.5093	-0.005489060497522166	0.0014643312424232424	0.002939134460358451	1.14228714	56.50260925	1.02721032	0.21592202150464457	0.0102397	8e-05
0.1157	0.5318	0.5383	-0.005801474433629152	0.0016632987771505957	0.0029199358385865134	1.03563678	51.22720718	0.96633072	0.08252900463031387	0.0103662	6e-05
0.1115	0.4906	0.4229	-0.005480333851262195	0.0009878563566287904	0.0030909781052819575	1.10210919	54.51523209	0.99658394	0.2191812634792104	0.0108688	0.00014
0.1103	0.4847	0.3851	-0.00534943415736262	0.0007452555906015787	0.0029897490086662863	1.04130542	51.50760651	0.96570152	0.06863647782712287	0.0105672	8e-05
0.1121	0.4983	0.4957	-0.005331980864842677	0.0014922565104551516	0.0029705503868943488	1.12422597	55.60922241	1.02596181	0.16518264170727265	0.0109153	9e-05
0.1164	0.5276	0.516	-0.0056653387519735934	0.001520181778487061	0.0030578168494940655	1.09204698	54.01750565	1.00582352	0.0763274808881271	0.0107548	0.00015
0.1096	0.5057	0.3983	-0.005522221753310059	0.0008377580409572782	0.0030613075079980543	1.09706473	54.26570892	1.00340163	0.18785156973486525	0.0105726	9e-05
0.1056	0.4966	0.4363	-0.005270894341022875	0.0011082840750163993	0.0029740410453983376	1.07333672	53.09201431	0.99482698	0.0815559954473012	0.0109024	0.00013
0.1142	0.5515	0.5639	-0.005855579640440977	0.0018256143975860688	0.0030281462522101614	1.1239289	55.5945282	1.00973856	0.2589060414399797	0.0104536	8e-05
0.1153	0.5447	0.4661	-0.005689773361501514	0.0010471975511965976	0.0029949849964222694	1.07496345	53.17248154	0.98409299	0.15456921905584128	0.00961065	6e-05
0.1068	0.5163	0.3836	-0.0053825954131505125	0.0007068583470577034	0.002811725424962865	1.05465519	52.16794586	0.97377275	0.160938836197465	0.0103293	0.0001
0.1047	0.5238	0.3978	-0.00540179403492245	0.0007871434926494425	0.0028431413514987624	1.03552151	51.22150421	0.96382255	0.03034498469497876	0.00981808	9e-05
0.1145	0.5643	0.5281	-0.005585053606381855	0.0015498523757709647	0.003040363556974122	1.11145198	54.9773674	1.01227587	0.23775953300281435	0.00966573	5e-05
0.1155	0.6032	0.5474	-0.005811946409141117	0.0016667894356545846	0.0030455995447301047	1.01470494	50.19182587	0.94822496	0.07665329251994316	0.00970733	4e-05
0.1109	0.5825	0.428	-0.0055763269601218825	0.0010454522219446034	0.0031974431896536117	1.09419215	54.12361908	0.99186045	0.1951400153826361	0.00943309	0.00011
0.1099	0.5787	0.4161	-0.005564109655357922	0.000874409955249159	0.003160791275361731	1.04183877	51.53398895	0.96286457	0.02769557428756429	0.00895911	6e-05
0.1167	0.6168	0.5428	-0.005754350543825304	0.001673770752662562	0.003082251459021986	1.09584498	54.20537567	0.9924679	0.22500707511102647	0.00949156	5e-05
0.1175	0.637	0.5171	-0.005888740896228867	0.0014590952546672592	0.0031328660073298214	1.04589593	51.73467255	0.96254723	0.06668401993533499	0.00906593	3e-05
0.1104	0.6058	0.4073	-0.005626941508429718	0.000905825881785057	0.0031171580440618727	1.0758903	53.21832657	0.98058794	0.18963883619746497	0.00898921	7e-05
0.1149	0.6171	0.4736	-0.005529203070318036	0.0012863076587198209	0.0031328660073298214	1.06627738	52.74282837	0.98745803	0.10679640891571976	0.00894356	8e-05
0.123	0.6578	0.5536	-0.005914920835008782	0.0017278759594743865	0.0031258846903218446	1.05476916	52.17358017	0.96971505	0.17051336912266443	0.00951743	7e-05
0.1177	0.6191	0.4436	-0.005632177496185701	0.0010332349171806431	0.0031956978604016175	1.08086467	53.46438217	0.98583795	0.20635987755982993	0.00937843	8e-05
0.1107	0.6051	0.3959	-0.005588544264885843	0.0007400196028455958	0.003106686068549906	1.02853596	50.87597275	0.95783141	0.08999301687433087	0.00958198	0.00013
0.1142	0.6312	0.507	-0.005513495107050087	0.001420698011123384	0.0031031954100459182	1.08397067	53.6180191	1.00137444	0.17866091123087668	0.00987875	5e-05
0.1166	0.6752	0.5433	-0.0058695422744569304	0.0016545721308906245	0.0031311206780778272	1.04743266	51.81068802	0.96338258	0.11359232776029968	0.00962937	8e-05
0.1134	0.6515	0.4145	-0.005609488215909776	0.0008552113334772215	0.003190461872645634	1.07867527	53.35608673	0.98804029	0.21163780252641823	0.00936913	9e-05
0.1117	0.6539	0.388	-0.0054105206811824215	0.000726056968829641	0.0030717794835100195	1.01447308	50.18035507	0.95031295	0.052940214425527536	0.00890112	5e-05
0.1182	0.6812	0.5093	-0.005490805826774161	0.0015917402778188286	0.003160791275361731	1.0861547	53.72605133	0.99579216	0.20684901232163191	0.00896627	8e-05
0.1206	0.7117	0.5325	-0.0059131755057567886	0.0016458454846306526	0.003199188518905606	1.02228606	50.56682205	0.95233358	0.08184360646691628	0.008762	4e-05
0.1168	0.6672	0.401	-0.005635668154689691	0.0008988445647770796	0.0032131511529215613	1.07061267	52.95727158	0.98020667	0.23172354524683125	0.00864792	6e-05
0.1155	0.6371	0.4059	-0.0053162729015747276	0.0009896016858807848	0.00314857397059777	1.04600811	51.74022293	0.97291374	0.060036477827122944	0.00908345	6e-05
0.1237	0.672	0.5346	-0.005672320068981571	0.0017924531417981763	0.003134611336581816	1.10973144	54.89226151	0.99585246	0.23044306286700944	0.00932378	4e-05
0.1208	0.652	0.4642	-0.0055484016920899736	0.0013892820845874865	0.003269001688985379	1.03989732	51.43795395	0.9625301	0.12637398932529248	0.00899374	3e-05
0.1126	0.6117	0.3641	-0.005323254218582705	0.0007941248096574199	0.0031555552876057474	1.05815268	52.3409462	0.96935454	0.19528755749084836	0.0095793	6e-05
0.1129	0.6059	0.4375	-0.0052010811709431014	0.0012618730491919003	0.0030979594222899347	1.09089589	53.96056747	1.00199402	0.11187585762449488	0.00970256	6e-05
0.1196	0.6564	0.542	-0.0057805304826052195	0.0018552849948699724	0.0031171580440618727	1.0852561	53.68159866	0.99092055	0.22130299395560643	0.00930595	5e-05
0.1149	0.6272	0.4248	-0.005579817618625871	0.0011449359893082802	0.0032340951039454926	1.06862426	52.85891724	0.98434502	0.20249994647123304	0.008919	4e-05
0.1095	0.5896	0.3624	-0.0052499503899989435	0.0008255407361933179	0.0030525808617380824	1.0462178	51.75059509	0.96937967	0.14693883619746495	0.00974786	0.00012
0.1141	0.6108	0.4951	-0.005358160803622591	0.0016964600329384882	0.003113667385557884	1.14774644	56.77265167	1.02614731	0.21051081170943092	0.00915855	5e-05
0.1234	0.6426	0.52	-0.005688028032249521	0.0016022122533307947	0.003134611336581816	1.03617001	51.25358582	0.95551794	0.08825294796292776	0.00873309	5e-05
0.1151	0.5987	0.3841	-0.005323254218582705	0.0008674286382411819	0.0030525808617380824	1.09137738	53.98438644	0.98747628	0.2471793951800081	0.00953096	8e-05
0.1087	0.5835	0.3701	-0.005227261109723017	0.0007766715171374765	0.002928662484846485	1.04329085	51.60581207	0.95752127	0.051133430342749565	0.00959998	8e-05
0.1187	0.6194	0.5002	-0.005452408583230286	0.0015114551322270892	0.0030176742766981957	1.12925804	55.85813522	1.01633017	0.22844714402242955	0.008802	6e-05
0.1222	0.6602	0.5336	-0.005860815628196958	0.0016632987771505957	0.0030927234345339517	0.98043692	48.49677658	0.92966237	0.10946499238629678	0.00875592	5e-05
0.1161	0.6169	0.4179	-0.00544193660771832	0.0010122909661567112	0.0031695179216217023	1.07527673	53.18797684	0.98309121	0.22243406592801365	0.00921845	9e-05
0.1131	0.6052	0.3798	-0.005483824509766183	0.0007714355293814937	0.0030508355324860886	1.05922353	52.39391708	0.97516423	0.07287128639793473	0.00944579	6e-05
0.1211	0.6602	0.5237	-0.005688028032249521	0.001626646862858715	0.0031363566658338103	1.12568069	55.68118286	1.01650836	0.2641467994654141	0.00911748	3e-05
0.1245	0.6805	0.5197	-0.005832890360165049	0.0016336281798666925	0.003223623128433527	1.00452077	49.6880722	0.9383495	0.039655505376161096	0.00928396	4e-05
0.1186	0.6368	0.3984	-0.005490805826774161	0.000947713783832921	0.003223623128433527	1.08418047	53.62839508	0.98529263	0.22229994647123305	0.00963163	6e-05
0.1123	0.6231	0.3691	-0.005462880558742251	0.0007487462491055673	0.0030543261909900766	1.02728474	50.81407928	0.95333029	0.06910948701013574	0.00928253	4e-05
0.1128	0.6212	0.4279	-0.005227261109723017	0.0012025318546240932	0.0030717794835100195	1.07421029	53.13522339	0.99012668	0.09654291735288516	0.00954056	7e-05
0.1194	0.6854	0.5517	-0.0059131755057567886	0.0018867009214058703	0.0030211649352021846	1.10303915	54.56122971	0.99761334	0.2656349005561692	0.00918531	6e-05
0.1207	0.69	0.5092	-0.0059690260418206065	0.0015847589608108511	0.0031311206780778272	1.0344094	51.16649628	0.950178	0.0717874119767239	0.00872123	3e-05
0.1151	0.6352	0.3737	-0.005518731094806069	0.0008272860654453122	0.003073524812762014	1.08632243	53.7343483	0.98933939	0.2591681853847944	0.00947636	5e-05
0.1151	0.6278	0.4096	-0.005391322059410484	0.0010314895879286487	0.0030159289474462015	1.07325947	53.0881958	0.99009067	0.0627604211597367	0.00949067	0.00011
0.1232	0.6902	0.5454	-0.0058800142499688965	0.001853539665617978	0.0029949849964222694	1.11250877	55.0296402	1.00060803	0.2728843109635837	0.00896716	4e-05
0.1261	0.6781	0.4754	-0.0057246799465414016	0.0013316862192716734	0.003220132469929538	1.01628995	50.27022934	0.95115182	0.1301167611640534	0.00882918	4e-05
0.1181	0.6379	0.3645	-0.005468116546498235	0.0007766715171374765	0.0030630528372500485	1.0913142	53.98126221	0.98910549	0.20753288674284265	0.00989127	6e-05
0.1175	0.6432	0.4154	-0.0054436819369703135	0.0010524335389525807	0.003082251459021986	1.06979752	52.91695023	0.98261659	0.07276976265574812	0.00912249	3e-05
0.1235	0.6871	0.5484	-0.005728170605045389	0.0018936822384138475	0.0030874874467779687	1.09126019	53.97859192	0.99652405	0.23944866776461632	0.00932211	5e-05
0.1201	0.6716	0.446	-0.0055484016920899736	0.0012147491593880533	0.0031956978604016175	1.09075296	53.95350266	0.99354028	0.169645620280243	0.00911903	7e-05
0.1133	0.6508	0.374	-0.0055431657043339905	0.0007766715171374765	0.0030630528372500485	1.06055582	52.45981598	0.96720732	0.1283979326579064	0.00926441	0.0001
0.1172	0.6612	0.4522	-0.005398303376418462	0.0012531464029319286	0.003160791275361731	1.08280611	53.56041336	0.99304491	0.12845378259108312	0.00914967	3e-05
0.1241	0.7148	0.5547	-0.005942846103040692	0.0018448130193580064	0.003186971214141646	1.06812704	52.83432388	0.97343777	0.22111946409141112	0.00931656	5e-05
0.1217	0.6891	0.4619	-0.005653121447209634	0.0013159782560037243	0.0032899456400093115	1.05069709	51.97215652	0.96335126	0.16697669225265024	0.00881642	5e-05
0.1169	0.6723	0.3812	-0.005504768460790115	0.0007941248096574199	0.0032009338481576006	1.02941751	50.91957855	0.94949508	0.14026091123087667	0.00900298	5e-05
0.1163	0.6657	0.4164	-0.005288347633542819	0.0011187560505283654	0.0031328660073298214	1.07113087	52.98290634	0.97817271	0.07285599544730113	0.00950986	7e-05
0.1228	0.7196	0.5383	-0.005674065398233566	0.001858775653373961	0.003118903373313867	1.10963333	54.88740921	0.99099011	0.2392850000776149	0.00933456	7e-05
0.1248	0.7194	0.4604	-0.005672320068981571	0.001296779634231787	0.003227113786937515	1.03554785	51.22280884	0.95700408	0.11369758810089083	0.00873131	4e-05
0.1177	0.6756	0.3599	-0.005328490206338688	0.0007958701389094143	0.003085742117525975	1.05611515	52.2401619	0.96235493	0.2007055513688398	0.00983036	0.00013
0.1196	0.6749	0.4115	-0.005330235535590682	0.0010768681484805013	0.003127630019573839	1.07832706	53.33885956	0.9820274	0.07043156204354713	0.00952297	7e-05
0.127	0.7372	0.5493	-0.005848598323432999	0.0018413223608540175	0.0031311206780778272	1.10942245	54.87697601	0.99899623	0.27181538293599106	0.00953692	5e-05
0.1314	0.7955	0.5588	-0.006431538293599104	0.0018989182261698304	0.0030997047515419294	0.98093885	48.52160645	0.91772548	0.10579758810089072	0.0100394	3e-05
0.1272	0.7346	0.4734	-0.005586798935633849	0.0014276793281313615	0.0032759830059933565	1.02551746	50.72666168	0.94740452	0.22511282552275744	0.00956774	6e-05
0.1255	0.7214	0.4281	-0.005508259119294104	0.0011152653920243766	0.0032567843842214186	1.01184797	50.05051041	0.93940241	0.0807076187109334	0.00970834	9e-05
0.1259	0.7618	0.4896	-0.005628686837681713	0.0014922565104551516	0.0032306044454415038	1.01759374	50.3347168	0.94867217	0.12847993877991495	0.0102807	6e-05
0.1282	0.8366	0.5895	-0.0059096848472528	0.002228785454796759	0.0034452799434368064	1.05328035	52.09993744	0.95972255	0.23861012259539988	0.0122253	0.00015
0.1234	0.7753	0.4891	-0.005358160803622591	0.0017139133254584315	0.003570943649580398	1.0804615	53.44443893	0.98088873	0.22610299395560648	0.0108093	6e-05
0.1181	0.7473	0.3793	-0.005393067388662479	0.0009424777960769379	0.003338814859065152	1.08225965	53.53338623	0.98354108	0.19502354524683133	0.0102351	9e-05
0.1176	0.7458	0.4274	-0.0051120693790913906	0.0013316862192716734	0.003237585762449481	1.05981433	52.42313766	0.98487019	0.08867177646907463	0.010153	8e-05
0.1221	0.8051	0.5365	-0.005701990666265475	0.0019582594207376374	0.0032759830059933565	1.06938386	52.896492	0.9716004	0.2356445866091962	0.0102907	0.00012
0.121	0.8024	0.4437	-0.005544911033585984	0.001481784534943186	0.0033824480903650108	1.05467105	52.16872787	0.97458379	0.13360098014227983	0.010097	0.00015
0.1184	0.7705	0.3398	-0.0052220251219670345	0.0008168140899333463	0.00324107642095347	1.03469229	51.1804924	0.96322367	0.1948614013020165	0.0106042	0.00015
0.1205	0.7776	0.4179	-0.005010840282475721	0.001291543646475804	0.0032114058236695662	1.07845318	53.34509659	0.99745865	0.12307924966588377	0.0105809	0.00018
0.1244	0.827	0.506	-0.005471607205002223	0.0018273597268380628	0.003225368457685521	1.06029725	52.4470253	0.97498775	0.19192728184523583	0.0103469	0.00013
0.1247	0.7953	0.4239	-0.005307546255314756	0.0012461650859239514	0.003415609346152903	1.02448905	50.67579269	0.95286737	0.160874823953448	0.00955153	3e-05
0.114	0.7502	0.3574	-0.005120796025351363	0.0009075712110370514	0.003349286834577118	1.02830756	50.86467361	0.95948495	0.15188333082130392	0.0105041	0.00015
0.1183	0.7825	0.4912	-0.005267403682518886	0.0016824973989225337	0.0033143802495372316	1.12823188	55.80737686	1.02183028	0.2182220215046446	0.0102435	0.00012
0.1212	0.8097	0.4895	-0.005386086071654501	0.0016196655458507376	0.003415609346152903	1.02398205	50.65071487	0.95719479	0.04593716694115413	0.00975174	5e-05
0.1111	0.7649	0.3683	-0.00507541746479951	0.0009983283321407565	0.003333578871309169	1.07989919	53.41662216	0.97962811	0.2268018147704352	0.0108085	0.0001
0.1114	0.7584	0.378	-0.005169665244407204	0.0009424777960769379	0.0032567843842214186	1.0304389	50.97009659	0.96006548	0.027844640137963197	0.0108539	8e-05
0.1202	0.7879	0.5168	-0.005215043804959057	0.001778490507782222	0.003309144261781249	1.09925413	54.37400436	1.00013267	0.22378755749084847	0.0103215	4e-05
0.1214	0.7903	0.4908	-0.005311036913818745	0.0015515977050229591	0.0033353242005611634	1.02489829	50.69603348	0.95022211	0.04705329251994327	0.0103728	5e-05
0.1162	0.7601	0.3698	-0.005424483315198376	0.0007347836150896127	0.0032463124087094525	1.08285975	53.56306839	0.98578527	0.2073636141582344	0.0105395	8e-05
0.1135	0.7479	0.3889	-0.005131268000863328	0.0009581857593448868	0.003162536604613725	1.02213109	50.55915833	0.95810878	0.06401966313430245	0.010469	8e-05
0.1212	0.7846	0.5276	-0.005429719302954359	0.0017226399717184032	0.0033143802495372316	1.09865093	54.34416962	0.99188101	0.24383745796940257	0.0106062	5e-05
0.1188	0.7937	0.4475	-0.005419247327442393	0.0013439035240356337	0.003349286834577118	1.0534265	52.1071701	0.97512445	0.11280575041173103	0.00984448	5e-05
0.1144	0.7604	0.3587	-0.00518013721991917	0.0007819075048934597	0.0032061698359135836	1.02727008	50.81335449	0.94516085	0.17371115626644656	0.0102566	7e-05
0.11	0.7499	0.3593	-0.005138249317871306	0.0007801621756414653	0.003115412714809878	1.02242064	50.57348251	0.94500857	0.02221951762017816	0.0104655	0.00015
0.1171	0.7876	0.498	-0.005276130328778859	0.0016249015336067207	0.003274237676741362	1.10552514	54.68420029	1.00266843	0.24057226654021455	0.00949824	3e-05
0.122	0.8161	0.521	-0.005513495107050087	0.0017400932642383465	0.0033649947978450674	0.98561668	48.75299072	0.92736467	0.07856568150032808	0.00954962	4e-05
0.1156	0.7693	0.3969	-0.005328490206338688	0.0009581857593448868	0.0033056536032772606	1.0812571	53.48379135	0.97721689	0.22861268000863336	0.00947183	2e-05
0.1129	0.7664	0.3782	-0.00529707427980279	0.000890117918517108	0.0032515483964654355	1.02429831	50.66635895	0.95133872	0.031979448708775116	0.00917512	2e-05
0.1186	0.795	0.5155	-0.00534943415736262	0.0017418385934903407	0.0033353242005611634	1.08798599	53.81663132	0.99674387	0.2209928178314395	0.00920838	2e-05
0.1207	0.8087	0.499	-0.005468116546498235	0.0016283921921107093	0.0033999013828849537	1.0154717	50.2297554	0.94504708	0.04713529864195176	0.00894886	4e-05
0.1158	0.7725	0.383	-0.005398303376418462	0.0009512044423369096	0.0033981560536329595	1.0682677	52.84128189	0.97379355	0.1945373124552784	0.00894451	8e-05
0.1162	0.7649	0.3887	-0.005187118536927148	0.0010524335389525807	0.0033580134808370897	1.01391089	50.15254974	0.95475437	0.03132782544514265	0.00892586	6e-05
0.1219	0.7999	0.5183	-0.005358160803622591	0.0019181168479417679	0.0033405601883171464	1.08175886	53.50860977	0.98648313	0.22300894341022867	0.0092538	3e-05
0.1217	0.8086	0.4792	-0.005436700619962336	0.0016458454846306526	0.003447025272688801	1.02204287	50.55479431	0.94798077	0.07086381320112563	0.00902593	3e-05
0.1165	0.7882	0.3773	-0.00533721685259866	0.0010210176124166828	0.0034662238944607386	1.03560162	51.2254715	0.95343524	0.16467551306747913	0.00892353	3e-05
0.113	0.7798	0.3866	-0.0051557026103912496	0.001085594794740473	0.003337069529813158	1.00636053	49.77907562	0.94232754	0.039962289458938975	0.00939614	4e-05
0.1216	0.8413	0.5215	-0.005523967082562053	0.0018971728969178364	0.0033231068957972035	1.07628596	53.23789597	0.98087272	0.26469026041820604	0.00939924	4e-05
0.1224	0.8679	0.5011	-0.005693264020005502	0.0017418385934903407	0.0034348079679248403	0.98513782	48.72930527	0.92521286	0.06961661564992902	0.00894177	1e-05
0.1156	0.8229	0.3775	-0.005307546255314756	0.0010663961729685354	0.0034574972482007667	1.03427255	51.15972519	0.95725588	0.22959247327442392	0.00918639	0.00012
0.1135	0.811	0.3546	-0.005206317158699085	0.0009424777960769379	0.0033056536032772606	1.02530372	50.71608734	0.95226393	0.055749555921538595	0.00978535	6e-05
0.1183	0.855	0.4982	-0.005328490206338688	0.0018675022996339327	0.0033562681515850955	1.12580252	55.68720627	1.01000976	0.2472906049752215	0.00932133	1e-05
0.1225	0.8876	0.5222	-0.0055920349233898325	0.0019425514574696887	0.0034103733583969193	0.98739785	48.84109497	0.9283629	0.08043495408493617	0.00930929	6e-05
0.1162	0.8432	0.4066	-0.005253441048502931	0.0012583823906879114	0.0034644785652087444	1.06183612	52.52314758	0.96533785	0.2201434074240252	0.00931787	5e-05
0.115	0.8393	0.3616	-0.005270894341022875	0.0009302604913129776	0.0033580134808370897	1.01572168	50.24211884	0.94224699	0.07270201381332654	0.00915515	3e-05
0.1191	0.8508	0.484	-0.0051173053668473745	0.001710422666954443	0.0033894294073729884	1.09754264	54.2893486	1.00168615	0.1862583538176432	0.00928164	4e-05
0.1227	0.8849	0.52	-0.005525712411814047	0.0018465583486100008	0.003452261260444784	1.01957512	50.43272781	0.94805969	0.10406872898470133	0.0093503	2e-05
0.1161	0.858	0.3914	-0.005407030022678433	0.0010978120995044332	0.003447025272688801	1.07405758	53.12767029	0.97570431	0.20573323129985824	0.0088771	2e-05
0.1148	0.8379	0.4097	-0.0051836278784231585	0.001186823891356144	0.0033649947978450674	1.05002189	51.93875885	0.96556231	0.05942222054753594	0.00947458	9e-05
0.1205	0.8918	0.544	-0.005482079180514189	0.0019844393595175526	0.0033807027611130165	1.09551239	54.18892288	0.9868819	0.24948873667601945	0.00990117	4e-05
0.1203	0.8866	0.4764	-0.0054384459492143305	0.0015289084247470327	0.0035150931135165793	1.02717435	50.80861664	0.94772058	0.10467772592369706	0.00907618	1e-05
0.1159	0.8485	0.3666	-0.005218534463463045	0.0008988445647770796	0.0033894294073729884	1.0381273	51.35039902	0.95177086	0.20108195259324152	0.00977045	4e-05
0.1135	0.852	0.415	-0.005181882549171164	0.0012897983172238095	0.003316125578789226	1.05801368	52.33407211	0.9768646	0.07934547476611863	0.00982457	7e-05
0.1212	0.9173	0.5386	-0.005628686837681713	0.0020245819323134223	0.0033318335420571745	1.08123827	53.48286057	0.97853157	0.25646479334340555	0.00974596	2e-05
0.1229	0.8987	0.4726	-0.005370378108386551	0.001626646862858715	0.003447025272688801	0.98924524	48.93247604	0.92939896	0.12487177646907469	0.00946188	2e-05
0.1174	0.8653	0.377	-0.0052726396702748686	0.001043706892692609	0.003488913174736664	1.04149759	51.51711273	0.95893267	0.17062831551628269	0.00991553	6e-05
0.116	0.8644	0.3558	-0.005242969072990966	0.0009040805525330626	0.003371976114853045	0.99543399	49.23859787	0.9240402	0.03781169986635342	0.00973105	3e-05
0.121	0.8717	0.466	-0.0050841441110594816	0.0016807520696705393	0.0033999013828849537	1.09859598	54.34144974	0.99562847	0.17067108735504355	0.0101721	7e-05
0.1265	0.9194	0.5367	-0.005614724203665758	0.00200363798128949	0.003454006589696778	1.05296743	52.08446121	0.96489439	0.16927856055185245	0.0103342	8e-05
0.1219	0.8923	0.4327	-0.005358160803622591	0.0013648474750595659	0.003607595563872279	1.04432905	51.65716934	0.95825481	0.1881471440224296	0.00955433	4e-05
0.115	0.8618	0.3747	-0.0050841441110594816	0.001075122819228507	0.0035290557475325343	1.02654302	50.77739334	0.94501451	0.1275140582366956	0.0102206	6e-05
0.1215	0.8896	0.5104	-0.0052778756580308525	0.0018570303241219666	0.0034574972482007667	1.0952996	54.17839813	0.99506929	0.22235987755982983	0.0101547	4e-05
0.1239	0.9148	0.5021	-0.005525712411814047	0.0017191493132144146	0.0035081117965086025	1.00140882	49.53414154	0.93417525	0.05771661564992908	0.00972855	2e-05
0.1181	0.8747	0.371	-0.005215043804959057	0.0009651670763528643	0.0034609879067047556	1.05834866	52.35063934	0.96862094	0.23258873667601923	0.0102292	6e-05
0.118	0.8681	0.4103	-0.005166174585903216	0.0012339477811599909	0.003438298626428829	1.06173861	52.51832199	0.97688463	0.06301696020694476	0.0103924	8e-05
0.129	0.9219	0.5492	-0.0055204764240580646	0.002012364627549462	0.0034627332359567498	1.08790636	53.81269455	0.98108549	0.26155766470361214	0.0102652	5e-05
0.1286	0.9093	0.488	-0.005370378108386551	0.0015289084247470327	0.0035150931135165793	0.98644185	48.79380798	0.92453339	0.10849571980168872	0.00985307	2e-05
0.1216	0.8818	0.3888	-0.005295328950550796	0.0009843656981248017	0.0034749505407207105	1.033916	51.14208984	0.94956005	0.1666867228626927	0.00992769	7e-05
0.122	0.8902	0.4364	-0.0052831116457868355	0.0013055062804917586	0.0034295719801688577	1.0561316	52.24097443	0.9687232	0.07533682238413851	0.00966197	1e-05
0.1299	0.9365	0.5525	-0.005539675045830002	0.0020943951023931952	0.0034627332359567498	1.04167712	51.52598953	0.96037048	0.22423067388662477	0.0103733	6e-05
0.1249	0.9246	0.4888	-0.0053546701451186035	0.0017086773377024485	0.0036337755026521943	1.01136124	50.02643204	0.93858076	0.11768824660487948	0.00982553	4e-05
0.1178	0.9068	0.405	-0.005298819609054784	0.0013456488532876281	0.0038275070496235643	1.01503909	50.20835495	0.94174573	0.13933052837250043	0.00950897	3e-05
0.121	0.9053	0.4377	-0.005148721293383272	0.001500983156715123	0.0036721727461960694	0.99315435	49.12583923	0.93800183	0.060438346126325086	0.00946331	1e-05
0.1337	0.9436	0.547	-0.005468116546498235	0.0019163715186897737	0.0034609879067047556	1.01944745	50.42641068	0.95176621	0.20759842272904647	0.0101949	5e-05
0.1283	0.922	0.4357	-0.0052726396702748686	0.0012636183784438947	0.0036145768808802567	1.05559516	52.21443939	0.9712934	0.18839094953223737	0.00978464	3e-05
0.1248	0.9127	0.3562	-0.005256931707006921	0.0007958701389094143	0.0034086280291449255	1.02219987	50.56256104	0.94275974	0.126770252726888	0.010498	5e-05
0.1168	0.9055	0.3561	-0.0048939032225921	0.000905825881785057	0.0032009338481576006	0.97751677	48.35233307	0.93400914	0.049333920413889405	0.0111272	0.00013
0.1246	0.9537	0.4716	-0.005160938598147233	0.0016458454846306526	0.0033580134808370897	1.04924452	51.90031052	0.97218821	0.2297067305540109	0.0112914	0.00011
0.1255	0.9758	0.4476	-0.005427973973702364	0.0016231562043547262	0.003478441199224699	1.01986885	50.44725418	0.95547446	0.06750761871093339	0.0118679	0.00015
0.1226	0.9404	0.3334	-0.005265658353266893	0.0008988445647770796	0.00342259066316088	1.03995097	51.44060898	0.967402	0.19962388980384688	0.0124757	0.00026
0.1208	0.9209	0.3452	-0.004941027112395947	0.0010122909661567112	0.003316125578789226	1.01064944	49.9912262	0.95247864	0.06032713633111155	0.0127355	0.00042
0.1263	0.9686	0.4794	-0.005159193268895238	0.001790707812546182	0.003363249468593073	1.10015976	54.41880035	1.00132525	0.2395853446346304	0.0126209	0.00051
0.129	0.9944	0.4768	-0.0053825954131505125	0.001748819910498318	0.003488913174736664	0.98751926	48.84710312	0.93899225	0.0506476876223364	0.0117724	0.00036
0.1206	0.932	0.3622	-0.004965461721923867	0.0011309733552923255	0.0035098571257605967	1.05119574	51.99682236	0.96843503	0.23819620987282844	0.0118726	0.00043
0.1184	0.9161	0.3376	-0.005024802916491674	0.000926769832808989	0.0033318335420571745	1.03991473	51.43881607	0.96411224	0.06477841503772833	0.0114819	0.00033
0.1239	0.9462	0.4745	-0.0050893800988154655	0.0018186330805780916	0.0034644785652087444	1.10946608	54.87913513	1.01795038	0.22695427266222315	0.0104548	0.00013
0.1261	0.9719	0.4984	-0.005408775351930427	0.001853539665617978	0.0035447637108004834	1.02391434	50.64736557	0.95547344	0.07352934918732931	0.0105622	9e-05
0.1204	0.9417	0.3753	-0.005208062487951079	0.0011274826967883368	0.003602359576116296	1.06338429	52.59972382	0.97825138	0.20821828490624003	0.0105593	6e-05
0.1175	0.9212	0.3681	-0.004944517770899936	0.0010611601852125523	0.0034400439556808234	1.03218091	51.05626678	0.96090991	0.05520914245312004	0.0107962	9e-05
0.1216	0.972	0.5104	-0.005260422365510909	0.001932079481957723	0.003467969223712733	1.10275555	54.54720306	1.00154758	0.25793745796940254	0.0106863	7e-05
0.1212	0.9826	0.4605	-0.005307546255314756	0.0015707963267948967	0.0035517450278084606	1.02521276	50.71158981	0.95127552	0.08550914245312007	0.0100844	4e-05
0.1161	0.9345	0.3413	-0.005047492196767601	0.0008988445647770796	0.0034400439556808234	1.05036259	51.95561218	0.96877608	0.2245853446346305	0.0106609	0.00011
0.1135	0.9358	0.391	-0.00493404579538797	0.001270599695451872	0.003412118687648914	1.05773878	52.32047272	0.97985507	0.07925634000431665	0.0105335	8e-05
0.1256	1.0055	0.5288	-0.005427973973702364	0.0020298179200694054	0.0035377823937925057	1.09070837	53.95129395	0.98962668	0.28854050545377613	0.0105958	5e-05
0.1212	0.9799	0.4467	-0.005164429256651221	0.0015132004614790836	0.0036128315516282617	1.02308953	50.60656738	0.95186207	0.15486056667386117	0.0106106	5e-05
0.1143	0.9481	0.3435	-0.0051452306348792835	0.0009023352232810684	0.003497639820996636	1.06063938	52.46395111	0.97381667	0.17916277953007884	0.011071	6e-05
0.1185	0.9606	0.4168	-0.004941027112395947	0.001329940890019679	0.003467969223712733	1.06673193	52.76531601	0.98969044	0.1230739893252924	0.0106364	3e-05
0.1213	1.0044	0.5236	-0.0052499503899989435	0.0019826940302655584	0.0035203291012725624	1.05381143	52.12620544	0.97433071	0.2041018147704352	0.0109701	4e-05
0.1157	0.9889	0.4276	-0.005267403682518886	0.0013107422682477415	0.0036704274169440743	1.06247354	52.55467224	0.98169417	0.15907516851046355	0.0105953	8e-05
0.1116	0.9884	0.3443	-0.005108578720587403	0.0007906341511534313	0.003490658503988659	1.01643348	50.27732849	0.95145673	0.13083509959906048	0.0108078	9e-05
0.1157	1.0108	0.4561	-0.005049237526019596	0.0015184364492350666	0.003522074430524557	1.1008209	54.45150375	1.00731716	0.17922797095926699	0.0105888	8e-05
0.1222	1.086	0.53	-0.005544911033585984	0.0019355701404617114	0.0035238197597765512	1.03247464	51.07079315	0.95413596	0.2013276264022516	0.0107103	5e-05
0.124	1.056	0.4054	-0.005153957281139256	0.00102799892942466	0.0034574972482007667	1.04426455	51.65397644	0.9635663	0.22464237375297824	0.0103158	5e-05
0.1165	1.0278	0.3402	-0.00507541746479951	0.0007470009198535729	0.0032777283352453507	1.02842069	50.87026978	0.95876526	0.12786533694331242	0.0110648	8e-05
0.124	1.0571	0.4741	-0.005159193268895238	0.001621410875102732	0.0033597588100890844	1.10783958	54.79868317	1.01290546	0.22271081170943088	0.010474	6e-05
0.1257	1.0894	0.5128	-0.00541401133968641	0.0018099064343181197	0.0035360370645405115	0.9823693	48.59236145	0.93241523	0.10367959422289932	0.0109648	7e-05
0.1209	1.0401	0.3823	-0.005099852074327431	0.0009791297103688187	0.003600614246864302	1.07609236	53.22832108	0.98316805	0.2450756585816035	0.0108764	9e-05
0.1154	1.0371	0.3463	-0.0051557026103912496	0.0008290313946973065	0.003438298626428829	1.01894116	50.401371	0.94783113	0.06291322360854025	0.0107104	8e-05
0.1232	1.0594	0.4858	-0.005000368306963754	0.001820378409830086	0.003572688978832392	1.10890162	54.85121536	1.0119106	0.2336535835481919	0.0112368	7e-05
0.1243	1.0871	0.5082	-0.005391322059410484	0.0018605209826259553	0.003626794185644217	1.02675474	50.78786087	0.95271607	0.07546007660272125	0.0110518	7e-05
0.1219	1.0551	0.3754	-0.005298819609054784	0.0009442231253289323	0.0035953782591083183	1.08175623	53.50848389	0.98884003	0.21921081170943113	0.0108614	5e-05
0.1167	1.0299	0.3652	-0.005030038904247658	0.0010175269539126942	0.003525565089028546	1.01139712	50.02820587	0.95761732	0.06119488517353287	0.0110247	6e-05
0.1234	1.0751	0.5125	-0.005365142120630569	0.001965240737745615	0.003598868917612307	1.1096698	54.88920975	1.00553559	0.2670060414399794	0.0115016	3e-05
0.1272	1.0865	0.4785	-0.005478588522010201	0.001673770752662562	0.0035796702958403696	1.00885403	49.90241241	0.94550915	0.07040575041173121	0.011021	8e-05
0.1244	1.0426	0.3501	-0.005215043804959057	0.0007470009198535729	0.003375466773357033	1.04948783	51.91234207	0.97329405	0.24482590361717352	0.011414	7e-05
0.1151	1.0301	0.3439	-0.005108578720587403	0.0009407324668249436	0.0033231068957972035	1.01297486	50.10625076	0.95471688	0.045627825445142704	0.0118035	0.00015
0.1267	1.0664	0.4949	-0.005290092962794812	0.0018832102629018814	0.0034452799434368064	1.12106144	55.45269394	1.01551899	0.26120825429619754	0.0118821	4e-05
0.1294	1.0937	0.518	-0.005562364326105927	0.0019285888234537342	0.003586651612848347	0.97019207	47.99002075	0.93378004	0.07605107966372526	0.0117421	6e-05
0.1245	1.0433	0.38	-0.005263913024014897	0.0009232791743050004	0.003427826650916863	1.08298075	53.56905365	0.99124789	0.2664292956585624	0.0115163	6e-05
0.1147	1.039	0.341	-0.00528485697503883	0.0008325220532012951	0.003384193419617005	1.01363671	50.13898468	0.94541916	0.06086671517137478	0.0111178	7e-05
0.1191	1.0643	0.4605	-0.00507541746479951	0.001656317460142619	0.003478441199224699	1.08914149	53.87379074	1.00372523	0.20557413483941697	0.0114489	8e-05
0.1221	1.1302	0.533	-0.005527457741066041	0.002054252529597326	0.003494149162492647	1.04019177	51.45251846	0.95744318	0.18468416544945937	0.0119483	7e-05
0.1232	1.1171	0.4171	-0.005274384999526864	0.0013124875974997359	0.003543018381548489	1.06751025	52.80381393	0.98464182	0.18228534463463056	0.011538	3e-05
0.1178	1.0893	0.3325	-0.005071926806295522	0.000890117918517108	0.0033807027611130165	1.0289259	50.89525604	0.9640005	0.1571571746324722	0.0119749	0.00012
0.1159	1.0823	0.4102	-0.004951499087907913	0.001509709802975095	0.003427826650916863	1.08792174	53.81345749	1.00627545	0.12595717463247197	0.0122268	9e-05
0.1241	1.1281	0.5284	-0.005469861875750229	0.0021170843826691216	0.0034697145529647274	1.08146298	53.49397659	0.99626275	0.23058126347921032	0.0114679	2e-05
0.1196	1.0858	0.4012	-0.005265658353266893	0.0011763519158441782	0.003565707661824415	1.085325	53.685009	0.9980309	0.23604645490839837	0.0115877	6e-05
0.1115	1.0724	0.367	-0.005106833391335408	0.001043706892692609	0.0033964107243809652	1.05089867	51.98213196	0.9808014	0.07873834612632524	0.0117832	0.0001
0.1214	1.1284	0.5223	-0.005270894341022875	0.002045525883337354	0.003506366467256608	1.13435698	56.11034775	1.02102324	0.2849917841603927	0.0116575	6e-05
0.1251	1.1655	0.5296	-0.005513495107050087	0.0020769418098732523	0.003525565089028546	0.97211015	48.0848999	0.92618256	0.0627607657167523	0.011642	5e-05
0.1201	1.1159	0.3962	-0.005080653452555493	0.001192059879112127	0.003639011490408177	1.06005597	52.43509293	0.98186351	0.25955849933176756	0.011386	8e-05
0.1174	1.1088	0.3668	-0.005064945489287545	0.0010978120995044332	0.0034836771869806815	1.02774096	50.83664322	0.96583719	0.05246450231515673	0.0114609	0.0001
0.1263	1.1351	0.4998	-0.005002113636215748	0.002022836603061428	0.0035290557475325343	1.07357788	53.10394669	1.00155208	0.21986174585903215	0.0119818	3e-05
0.1269	1.1758	0.5298	-0.0054384459492143305	0.0022008601867648495	0.003501130479500625	0.97810686	48.38152313	0.93466151	0.10341405823669564	0.0125121	7e-05
0.125	1.1265	0.4261	-0.0050509828552715895	0.0015777776438028737	0.0036896260387160127	1.03554714	51.22277451	0.96398173	0.2148520598060052	0.0120314	8e-05
0.1243	1.1001	0.3443	-0.005119050696099368	0.0009407324668249436	0.0035465090400524776	1.01571262	50.2416687	0.95114059	0.15131150082346215	0.0121559	0.0001
0.1252	1.0911	0.4235	-0.00486597795456019	0.001668534764906579	0.003555235686312449	1.07911098	53.37763596	1.00290584	0.13858008429403937	0.0122635	8e-05
0.1278	1.1439	0.5235	-0.005368632779134557	0.0022444934180647076	0.0035046211380046137	1.06380916	52.62073898	0.97469963	0.21186140130201647	0.0124304	0.0001
0.1293	1.1179	0.4552	-0.005260422365510909	0.0017121679962064373	0.003680899392456041	0.99894297	49.41217041	0.94550488	0.13664070449666726	0.0114695	5e-05
0.1222	1.0669	0.3576	-0.005024802916491674	0.0010978120995044332	0.003640756819660172	1.03140271	51.01777267	0.96109425	0.20020589592585528	0.0118893	0.00013
0.1233	1.0813	0.4694	-0.005174901232163186	0.0018151424220741027	0.0035447637108004834	1.10302126	54.5603447	1.00682171	0.17547108735504346	0.0112695	8e-05
0.1269	1.113	0.4923	-0.005342452840354642	0.0018622663118779497	0.003639011490408177	1.01288426	50.10176849	0.95605864	0.0736461638801499	0.0109449	3e-05
0.1174	1.0743	0.3544	-0.005096361415823441	0.0010105456369047167	0.0035290557475325343	1.09352934	54.09083557	0.9965226	0.2464883921190038	0.0114995	7e-05
0.1182	1.0923	0.4075	-0.0051399946471233	0.0014154620233674013	0.0035116024550125905	1.07709301	53.27781677	0.99231714	0.09520014551412435	0.0109994	5e-05
0.1275	1.1392	0.5241	-0.005234242426730994	0.002131047016685076	0.003577924966588375	1.05453444	52.16196823	0.9757764	0.21660776422505765	0.0113899	6e-05
0.1265	1.1274	0.4534	-0.005119050696099368	0.0016249015336067207	0.0037384952577718534	1.03785884	51.33712006	0.96997664	0.122595375244673	0.0115269	6e-05
0.1189	1.1128	0.3487	-0.0050789081233034985	0.0010175269539126942	0.003680899392456041	1.05218148	52.04558182	0.97491753	0.1621556508902854	0.0116758	7e-05
0.1191	1.1048	0.4032	-0.004820599394008338	0.0013456488532876281	0.003572688978832392	1.05506659	52.18829346	0.98849583	0.09743205211468714	0.0118611	0.00012
0.1252	1.15	0.5299	-0.005204571829447091	0.002136283004441059	0.0036337755026521943	1.07781184	53.31337357	0.98692133	0.2397846555205992	0.0122479	8e-05
0.1238	1.1434	0.4502	-0.005167919915155209	0.001541125729510993	0.0037437312455278365	1.03485548	51.18856049	0.96038246	0.12478824660487949	0.0115648	6e-05
0.1167	1.1129	0.3488	-0.004961971063419879	0.0009232791743050004	0.0036250488563922224	1.02484441	50.693367	0.96122641	0.18612388980384684	0.0120165	8e-05
0.1143	1.1121	0.3843	-0.0048939032225921	0.0012007865253720988	0.0035831609543443585	1.05301893	52.08700943	0.97511022	0.058073154697136954	0.0117909	0.00011
0.1238	1.1708	0.5241	-0.005190609195431136	0.002036799237077382	0.0036459928074161546	1.10162342	54.49119949	1.00003143	0.2677775268808058	0.0116817	5e-05
0.1231	1.1841	0.4977	-0.005239478414486977	0.001912880860185785	0.0037384952577718534	0.97272229	48.11517715	0.93206003	0.05366450231515676	0.0118498	9e-05
0.1129	1.143	0.3728	-0.00503876555050763	0.001281071670963838	0.003935717463247213	1.07258773	53.05496597	0.98460521	0.22768721293383257	0.0120109	0.00014
0.1144	1.1404	0.3497	-0.00506320016003555	0.0009808750396208131	0.003792600464583678	1.00330555	49.62796021	0.93885676	0.05058741197672398	0.0118411	9e-05
0.1211	1.1561	0.4719	-0.004872959271568168	0.0017767451785302276	0.0037437312455278365	1.09821451	54.32258224	1.00950025	0.19634901232163168	0.0123945	0.00011
0.127	1.2121	0.5339	-0.005448917924726297	0.002054252529597326	0.0037489672332838195	1.01920843	50.41458893	0.95831321	0.16683509959906062	0.0128279	0.00011
0.1238	1.19	0.4294	-0.005199335841691108	0.001356120828799594	0.0038571776469074684	1.04184341	51.53421402	0.97044845	0.18259620987282857	0.0121558	0.00011
0.1176	1.1639	0.364	-0.004949753758655919	0.0009721483933608416	0.0037437312455278365	1.02871048	50.88460159	0.96526307	0.13505004599267867	0.0125306	0.00014
0.1205	1.1973	0.5027	-0.005057964172279567	0.0018797196043978928	0.003733259270015871	1.13086927	55.93783188	1.03197683	0.22631268000863344	0.0129043	0.00017
0.1259	1.2457	0.508	-0.005298819609054784	0.0018483036778619948	0.0037943457938356727	1.00436342	49.68028641	0.95291163	0.07576789435654581	0.0124843	0.00017
0.1171	1.2162	0.3765	-0.0050073496239717305	0.001054178868204575	0.0038135444156076103	1.07223082	53.03731155	0.99295777	0.22503967082562065	0.0128199	0.00019
0.1149	1.215	0.34	-0.004993386989955777	0.0009372418083209549	0.003577924966588375	1.018543	50.38167191	0.96925404	0.05822595714594029	0.0126697	0.00011
0.124	1.2292	0.4694	-0.004982915014443811	0.0016755160819145565	0.0037053340019839614	1.11786366	55.2945137	1.03413177	0.19650776422505764	0.0123159	6e-05
0.1295	1.2687	0.5435	-0.005344198169606637	0.002134537675189065	0.003701843343479973	0.99951005	49.44021988	0.94698908	0.16028977034706604	0.0127806	9e-05
0.1233	1.2497	0.4354	-0.005037020221255636	0.0016039575825827887	0.0037646751965517687	1.08504975	53.67139435	1.00273527	0.17832949470145357	0.0123816	0.00012
0.123	1.2197	0.3609	-0.005525712411814047	0.0010070549784007281	0.003556981015564444	1.0822258	53.53171158	1.01110555	0.16946444878638983	0.0121022	0.00016
0.1278	1.2444	0.4439	-0.00605105651666434	0.0013316862192716734	0.003497639820996636	1.00246513	49.58639145	0.96608874	0.15796582701445228	0.0123936	7e-05
0.1355	1.2906	0.5294	-0.006408849013323179	0.0018308503853420514	0.0035831609543443585	1.03145611	51.02041626	0.97038983	0.18652388980384696	0.0131893	0.00017
0.1294	1.2535	0.396	-0.006143558967020039	0.001296779634231787	0.0036931166972200015	1.08131409	53.48661423	1.01139228	0.22206582701445224	0.0136319	0.00021
0.133	1.2309	0.3619	-0.005995205980600523	0.0010140362954087054	0.0035465090400524776	0.9993518	49.43239212	0.95095603	0.0891851991205061	0.0139054	0.00029
0.1352	1.2254	0.4078	-0.005866051615952942	0.0012531464029319286	0.0035290557475325343	0.99305302	49.12082672	0.95609685	0.07288588823453741	0.0136929	0.00027
0.1391	1.2662	0.5293	-0.006291911953439557	0.0019408061282176943	0.0036128315516282617	1.06833768	52.84473801	0.99110883	0.2260647933434054	0.01469	0.00057
0.1353	1.236	0.4395	-0.006286675965683575	0.0014573499254152652	0.0037995817815916558	1.07352626	53.10139084	1.01037987	0.15757212102609025	0.0136071	0.0003
0.1287	1.1963	0.3733	-0.005991715322096533	0.0009913470151327792	0.0036215581978882336	1.01301312	50.10813904	0.96591743	0.15944935687864753	0.0132189	0.00026
0.1248	1.215	0.4295	-0.005900958200992828	0.0013910274138394805	0.003640756819660172	1.06003475	52.43404007	0.98913955	0.1042818070791174	0.0135136	0.00034
0.1327	1.2886	0.5536	-0.006323327879975456	0.0020804324683772408	0.0037367499285198597	1.07767034	53.3063736	0.99453656	0.26598839211900366	0.0138909	0.00015
0.1308	1.2703	0.4573	-0.006031857894892403	0.0015463617172669759	0.003858922976159462	1.05316055	52.0940094	0.99119687	0.16388568919164603	0.0137921	0.00026
0.1256	1.2337	0.3777	-0.005984734005088556	0.0010629055144645468	0.0037140606482439333	1.03672349	51.28096008	0.97116628	0.15517212102609024	0.0141115	0.00027
0.1256	1.2408	0.4207	-0.005927138139772744	0.001282817000215832	0.0037210419652519105	1.02465856	50.6841774	0.9690969	0.06432443340375363	0.0137545	0.00017
0.1324	1.273	0.538	-0.006099925735720181	0.0019861846887695473	0.0037646751965517687	1.05854046	52.3601265	0.99110656	0.2022894257900505	0.0149923	0.00025
0.1272	1.2627	0.4568	-0.006138322979264057	0.0014800392056911916	0.0038816122564353885	1.04608357	51.7439537	0.9896389	0.12977398932529255	0.0144855	0.00025
0.124	1.2478	0.3863	-0.005904448859496816	0.0009861110273767962	0.003686135380212024	1.00724125	49.82263947	0.95612759	0.13476395871524996	0.0142953	0.00024
0.1248	1.2482	0.4331	-0.0057246799465414016	0.0013700834628155487	0.0037629298672997745	1.04004884	51.44544601	0.98499275	0.08002679177409586	0.0143453	0.00021
0.1316	1.303	0.5647	-0.006190682856823887	0.002178170906488923	0.0037768925013157294	1.07764566	53.30515671	0.99217731	0.25760264939859073	0.0146716	0.00024
0.1296	1.284	0.4395	-0.0059690260418206065	0.0013927727430914749	0.0038903389026953604	1.06909049	52.88197708	1.00487507	0.20222506898901788	0.0136529	0.00011
0.1248	1.245	0.3746	-0.0058538343111889804	0.0009983283321407565	0.003701843343479973	1.01988351	50.44798279	0.96446206	0.14360658503988655	0.0138915	0.00019
0.1279	1.2657	0.4973	-0.005934119456780722	0.0018500490071139892	0.0038048177693476384	1.10535896	54.67597961	1.01894958	0.19824901232163197	0.0137141	0.00014
0.1342	1.2868	0.5366	-0.006061528492176306	0.0019861846887695473	0.003904301536711315	1.02623022	50.76192093	0.97562964	0.08485142422074078	0.01395	0.00013
0.1225	1.2483	0.3946	-0.0059411007737886976	0.0012025318546240932	0.003837979025135531	1.10269511	54.54421234	1.0256074	0.24072015320544227	0.0137677	0.00019
0.1242	1.24	0.3884	-0.00597426202957659	0.0010995574287564276	0.0037227872945039047	1.003317	49.62852859	0.95189087	0.028766370614359143	0.012857	0.00016
0.1323	1.2513	0.5229	-0.005838126347921033	0.002033308578573394	0.003834488366631542	1.09386969	54.10766983	1.01623964	0.21297939518000808	0.0133452	0.0001
0.1336	1.2642	0.5105	-0.006019640590128442	0.001895427567665842	0.0038990655489553323	1.05901146	52.38342667	0.98952921	0.04579862177193755	0.0131766	0.00012
0.1263	1.2441	0.3818	-0.0059096848472528	0.0012252211349000194	0.0037681658550557575	1.08576322	53.70668411	1.00055954	0.20165309347705196	0.0124789	8e-05
0.1234	1.2322	0.4146	-0.005618214862169747	0.0016615534478986017	0.0038187804033635933	1.03599	51.24468231	0.98170743	0.08652084231947363	0.012897	0.00012
0.1297	1.2809	0.5423	-0.006119124357492119	0.002139773662945048	0.0037803831598197174	1.0747118	53.16003036	0.99329445	0.23357634769563476	0.0127578	0.00014
0.132	1.309	0.5326	-0.006321582550723462	0.0020594885173533086	0.003824016391119576	0.97329676	48.14359283	0.93182451	0.05641882850614707	0.0125189	0.00011
0.1293	1.263	0.4131	-0.005948082090796675	0.0012950343049797925	0.00393048147549123	1.04010391	51.44817352	0.97277684	0.23042098783359785	0.0124915	0.00011
0.1247	1.2581	0.3846	-0.005956808737056647	0.0011344640137963143	0.003675663404700058	1.02321815	50.6129303	0.96590118	0.059205750411731	0.0127794	0.00013
0.1346	1.3086	0.524	-0.006187192198319898	0.0019896753472735357	0.003766420525803763	1.10597348	54.70637512	1.01835107	0.2586175957922089	0.0129042	8e-05
0.1366	1.3411	0.5467	-0.006462954220135002	0.0020943951023931952	0.003841469683639519	0.9808957	48.51947021	0.94557229	0.0799765467385259	0.0134515	0.00016
0.1319	1.2974	0.4285	-0.0060946897479642	0.001473057888683214	0.004016002608838952	1.05906677	52.3861618	0.99126175	0.22480673055401065	0.0131982	0.00014
0.1297	1.2803	0.3739	-0.006089453760208215	0.0010925761117484504	0.0037437312455278365	1.02010429	50.45890427	0.9642794	0.10679945640009328	0.0130584	0.0001
0.1313	1.2934	0.4646	-0.005946336761544681	0.0016632987771505957	0.0038519416591514853	1.0653975	52.69930649	1.0049607	0.1465025038844665	0.0130677	9e-05
0.1369	1.3458	0.5549	-0.006487388829662923	0.002171189589480946	0.0038048177693476384	1.04888427	51.88248825	0.97938099	0.20310333851262188	0.0138561	0.0002
0.1343	1.3221	0.4537	-0.006230825429619756	0.001609193570338772	0.003946189438759179	1.05606878	52.23786545	0.99108558	0.17549655442984408	0.0130312	0.00011
0.1286	1.2888	0.3725	-0.006016149931624455	0.0010576695267085637	0.003754203221039803	1.02481544	50.69193649	0.97013357	0.1681092879672444	0.0130006	0.00013
0.1292	1.2849	0.4305	-0.0059027035302448225	0.0015079644737231008	0.003728023282259888	1.0654037	52.69961548	1.00144799	0.09199606435870425	0.0133615	0.00015
0.137	1.3462	0.5695	-0.00637743308678728	0.0023230332344044524	0.0037751471720637348	1.10214055	54.51678085	1.01398077	0.27494611035138294	0.0136583	0.0001
0.1388	1.3268	0.4815	-0.006147049625524028	0.0015917402778188286	0.003892084231947355	1.04572451	51.72619247	0.98790203	0.1631306738866249	0.0130152	0.00016
0.13	1.2923	0.3795	-0.006045820528908357	0.0010419615634406148	0.0037140606482439333	1.0674721	52.80192566	0.99135313	0.18675156973486529	0.0133141	0.00013
0.1318	1.3085	0.4599	-0.006005677956112489	0.00152367243699105	0.003691371367968007	1.08095801	53.46899796	1.01090051	0.12562713633111144	0.013133	0.00012
0.1372	1.342	0.5521	-0.0062063908200918365	0.0020699604928652747	0.0038501963298994907	1.06389916	52.62519073	0.99938263	0.17639129408925297	0.0137068	0.00013
0.1301	1.3164	0.4123	-0.006045820528908357	0.0012583823906879114	0.003783873818323706	1.11583114	55.19397736	1.02687782	0.22442354524683147	0.01296	0.00015
0.1283	1.31	0.3799	-0.006037093882648386	0.0010105456369047167	0.0036425021489121657	1.01494825	50.20386124	0.95582169	0.060496753472735226	0.0126147	0.0001
0.13	1.329	0.4901	-0.00596204472481263	0.0017383479349863521	0.003691371367968007	1.092273	54.02868652	1.01363193	0.17348603374866153	0.0132576	0.00016
0.1334	1.3805	0.5468	-0.00648215284190694	0.002001892652037496	0.0036931166972200015	1.04728889	51.80357361	0.97421607	0.1508699081698725	0.0136029	0.00018
0.1324	1.3533	0.4433	-0.0062570053683996705	0.0013892820845874865	0.0038606683054114572	1.03678179	51.28384399	0.97697021	0.18196548245743677	0.0129586	0.0001
0.1262	1.3227	0.3727	-0.006000441968356505	0.0010716321607245184	0.003687880709464018	1.00051951	49.49015045	0.95800623	0.14475004599267863	0.0133122	0.00016
0.1312	1.35	0.496	-0.006065019150680294	0.0018989182261698304	0.003677408733952052	1.1190902	55.35518646	1.03174693	0.2007167611640535	0.0138701	0.0002
0.1372	1.3801	0.5189	-0.006283185307179587	0.0019041542139258136	0.0037524578917878084	1.05148542	52.01115417	0.98962452	0.07392256510455161	0.0136254	0.00014
0.1307	1.3377	0.3858	-0.005963790054064624	0.0011466813185602744	0.0037943457938356727	1.08542418	53.6899147	1.00991215	0.23793780252641852	0.01383	0.00019
0.1304	1.3257	0.401	-0.0059358647860327145	0.0012199851471440364	0.0037245326237558994	1.05514324	52.19208527	0.99305462	0.03605211333477212	0.0139899	0.00016
0.1378	1.3807	0.5555	-0.00628493063643158	0.002054252529597326	0.0037524578917878084	1.12926197	55.85832596	1.03305677	0.2774629250442031	0.0141548	0.0002
0.1348	1.3765	0.5001	-0.006227334771115768	0.001689478715930511	0.003876376268679406	1.02821505	50.86009598	0.97673186	0.08991440279371123	0.0141259	0.00023
0.1278	1.349	0.3932	-0.006161012259539982	0.0010088003076527223	0.003792600464583678	1.07386208	53.11800003	0.99752388	0.1829388361974652	0.0143241	0.00021
0.1287	1.3621	0.4557	-0.006126105674500097	0.0013631021458075715	0.0037227872945039047	1.07882893	53.36368179	1.0094154	0.09945107966372549	0.0138503	0.00015
0.1344	1.407	0.569	-0.006398377037811212	0.00205599785884932	0.003710569989739945	1.06411266	52.63574982	0.99927042	0.2127692190558411	0.0146056	0.00033
0.1315	1.3934	0.4819	-0.006201154832335853	0.0015132004614790836	0.0038065630985996326	1.05539942	52.20475388	0.9974746	0.14540063558526412	0.0139334	0.0002
0.128	1.3875	0.3961	-0.006164502918043972	0.000973893722612836	0.003682644721708035	1.05047476	51.96115875	0.98619088	0.13019385150248633	0.0137733	0.00022
0.1322	1.4042	0.5003	-0.005963790054064624	0.0017610372152622785	0.0036983526849759846	1.0873487	53.78511047	1.02607417	0.17527821599483687	0.014339	0.00025
0.1339	1.4626	0.5654	-0.006574655292262638	0.002145009650701031	0.0036931166972200015	1.02766144	50.83271027	0.97105369	0.17520368306963752	0.0149975	0.00033
0.1334	1.4352	0.4702	-0.006241297405131722	0.0015969762655748114	0.0038117990863556156	1.0507232	51.97344971	0.98999946	0.1731036830696374	0.0143691	0.00021
0.1265	1.4031	0.3736	-0.006056292504420323	0.0010402162341886204	0.0036686820876920805	1.03274071	51.08395386	0.98497293	0.1798440965380563	0.0145988	0.00024
0.1247	1.407	0.4312	-0.005916666164260778	0.0015027284859671175	0.0036215581978882336	1.06351566	52.60622025	1.0070536	0.09576312408709449	0.0150319	0.00022
0.1329	1.4748	0.5534	-0.00644201026911107	0.0021799162357409173	0.0036285395148962112	1.10035849	54.42863083	1.01242158	0.2586756585816035	0.0155707	0.00035
0.1348	1.4612	0.4807	-0.006222098783359784	0.001762782544514273	0.0038170350741115982	1.03399158	51.14583206	0.98371803	0.1294770368096659	0.0148024	0.00024
0.1301	1.413	0.3715	-0.0059358647860327145	0.0011222467090323538	0.0037053340019839614	1.04628646	51.75399017	0.99038841	0.2140235452468313	0.0151131	0.00027
0.1274	1.4035	0.3993	-0.005845107664929009	0.0013735741213195373	0.003673918075448063	1.05284023	52.07817078	1.00203931	0.05867502299633941	0.0154384	0.0003
0.136	1.4536	0.5406	-0.006190682856823887	0.002165953601724963	0.003637266161156183	1.11124337	54.96704865	1.02731966	0.2587303293296092	0.0152658	0.00028
0.1346	1.4625	0.5176	-0.006270968002415626	0.002012364627549462	0.0037437312455278365	1.00912857	49.91599274	0.96689514	0.050316960206944567	0.0154935	0.00033
0.128	1.4101	0.3885	-0.005981243346584567	0.0012618730491919003	0.0037524578917878084	1.10593235	54.70434189	1.02241889	0.24054714402242952	0.015645	0.00029
0.125	1.3994	0.3808	-0.006000441968356505	0.0011763519158441782	0.0036686820876920805	1.03747094	51.31793594	0.97697411	0.030824777960769288	0.01498	0.00017
0.1347	1.4254	0.5073	-0.006298893270447535	0.0018797196043978928	0.003796091123087667	1.08524752	53.68117523	1.01929317	0.21866140130201647	0.0151045	0.00023
0.134	1.4767	0.55	-0.0066374871453344355	0.0021519909677090087	0.0037088246604879502	1.02315986	50.61004257	0.97308369	0.1296065850398866	0.0153813	0.00034
0.1301	1.442	0.4464	-0.0062290801003677615	0.0016545721308906245	0.003895574890451344	1.05323148	52.09751892	0.9879904	0.19682880558742255	0.0147123	0.00018
0.1249	1.4052	0.3644	-0.0059411007737886976	0.0011152653920243766	0.0036686820876920805	1.03481293	51.18645859	0.97872656	0.17670894341022872	0.0151228	0.00028
0.1258	1.417	0.4692	-0.005976007358828583	0.0017994344588061536	0.0037245326237558994	1.12235737	55.51679611	1.04513696	0.1562463093942741	0.0149714	0.00023
0.1345	1.4715	0.5579	-0.006421066318087138	0.002235766771804736	0.0037350045992678655	1.06684208	52.7707634	0.99534196	0.19649316238845513	0.0147417	0.0002
0.1317	1.4294	0.4371	-0.005979498017332573	0.0014974924982111347	0.0038833575856873836	1.06905389	52.88016891	1.00661929	0.23210977803838423	0.0143525	0.00024
0.1271	1.4046	0.373	-0.005988224663592545	0.0011030480872604163	0.003677408733952052	1.05272758	52.07259369	0.99794547	0.12395599544730104	0.014825	0.00022
0.1343	1.4324	0.5068	-0.006037093882648386	0.001780235837034216	0.003602359576116296	1.13383448	56.08450317	1.05036514	0.20885530633326968	0.0143889	0.00019
0.1376	1.4668	0.5492	-0.006319837221471467	0.002064724505109292	0.003728023282259888	1.02632153	50.76643372	0.97394296	0.11474478565208764	0.0146819	0.00023
0.1334	1.4295	0.4237	-0.005976007358828583	0.0013177235852557187	0.0037699111843077517	1.09469569	54.14852524	1.02144712	0.22363593422721617	0.0145102	0.00024
