bids_name	aor	aqi	dummy_trs	dvars_nstd	dvars_std	dvars_vstd	efc	fber	fd_mean	fd_num	fd_perc	fwhm_avg	fwhm_x	fwhm_y	fwhm_z	gcor	gsr_x	gsr_y	size_t	size_x	size_y	size_z	snr	spacing_tr	spacing_x	spacing_y	spacing_z	summary_bg_k	summary_bg_mad	summary_bg_mean	summary_bg_median	summary_bg_n	summary_bg_p05	summary_bg_p95	summary_bg_stdv	summary_fg_k	summary_fg_mad	summary_fg_mean	summary_fg_median	summary_fg_n	summary_fg_p05	summary_fg_p95	summary_fg_stdv	tsnr
sub-CMH0001_ses-01_task-emp_run-1_bold	0.000957968069666183	0.020591648911465896	5	59.08949437815413	1.0380730207558146	0.9871797629651157	0.5077	2506.866	0.2183052692171715	250	36.2844702467344	2.9635324213860894	3.2383734315260373	2.75775883263223	2.894465	0.0108166	0.02899397350847721	0.038772858679294586	689	106	106	72	2.13812623279833	0.800000011920929	1.9622999429702759	1.9622999429702759	2.0	39.0788	29.637	71.2517	20.0	600234.0	0.0	306.0	152.9443	5.3646	354.8788	1068.7676	1007.0	208758.0	385.0	1894.0	470.972	19.363622818142176
sub-CMH0001_ses-01_task-emp_run-2_bold	0.0017137172011661805	0.019796323760932946	8	55.15668862334315	1.0628684046861319	1.0110134399708022	0.5206	2526.3511	0.17394326671587831	141	20.55393586005831	2.710352960293235	2.8808592795671455	2.58909960131256	2.6611	0.00961943	0.023081542924046516	0.0484868660569191	686	106	106	72	2.488479006469327	0.800000011920929	1.9622999429702759	1.9622999429702759	2.0	37.6036	29.6239	68.6878	20.0	595324.0	0.0	293.0	147.7859	2.9149	316.8123	1033.6691	997.0	213668.0	431.0	1737.0	400.6454	21.016989081166685
sub-CMH0001_ses-01_task-rest_run-1_bold	0.0004480748663101604	0.012168370463458112	8	53.523062644785725	1.0542217253928559	0.9982658400535718	0.5064	2831.2971	0.1666546626395568	206	36.72014260249554	2.815070049165101	3.0869847505732504	2.6456403969220514	2.712585	0.00957007	0.03003312461078167	0.03638526052236557	561	106	106	72	2.1562343613360153	0.800000011920929	1.9622999429702759	1.9622999429702759	2.0	44.4446	26.6816	66.089	18.0	599930.0	0.0	287.0	147.5341	5.5195	326.6218	999.3337	945.0	209062.0	347.0	1767.0	438.263	24.90924185188487
sub-CMH0001_ses-01_task-rest_run-2_bold	0.001040143369175627	0.013479553082437276	11	51.161846126624745	1.0577505212746854	1.0080475191202873	0.5193	2817.1951	0.15006103794004022	148	26.523297491039425	2.687142795968422	2.866636173614366	2.5881772142908996	2.606615	0.0089522	0.02229420281946659	0.048798635601997375	558	106	106	72	2.4055927321343757	0.800000011920929	1.9622999429702759	1.9622999429702759	2.0	37.8406	26.6709	64.6334	18.0	593531.0	0.0	282.0	142.1341	3.2938	303.7793	969.4516	933.0	215461.0	374.0	1648.0	387.8453	24.92587426956743
sub-CMH0001_ses-02_task-emp_run-1_bold	0.0006774963609898108	0.015873591819505095	7	55.379757200000036	1.0658211552332355	0.9810719160641403	0.4664	6077.1704	0.11585749537521764	52	7.569141193595342	2.77382	3.0105	2.579345	2.731615	0.00995811	0.016031255945563316	0.03496553748846054	687	110	110	72	1.9842469612233544	0.800000011920929	2.0	2.0	2.0	71.439	17.7912	56.1783	12.0	671768.0	0.0	257.0	135.3627	6.1609	348.6424	1033.8862	961.0	199432.0	346.0	1879.0	484.3135	22.57724448852241
sub-CMH0001_ses-02_task-emp_run-2_bold	0.0005070246734397677	0.011652358896952104	5	51.74120056915698	1.066935874941861	0.9954915910319763	0.4876	6166.647	0.10625236127920117	11	1.5965166908563135	2.6799250000000003	2.903095	2.56921	2.56747	0.00849939	0.0116885369643569	0.05228931084275246	689	110	110	72	2.419376081633357	0.800000011920929	2.0	2.0	2.0	53.7611	17.7912	58.6884	12.0	664018.0	0.0	268.0	147.5822	3.482	312.5666	988.9188	951.0	207182.0	385.0	1667.0	393.0756	26.792857666267082
sub-CMH0001_ses-02_task-rest_run-1_bold	0.0008090196078431373	0.012397894973262031	8	55.95150569516071	1.0983878262142859	1.004789404589286	0.4646	6372.3765	0.13537577849734506	118	21.033868092691623	2.8081133333333335	3.05705	2.62927	2.73802	0.00806396	0.014820916578173637	0.038112446665763855	561	110	110	72	1.983425223519098	0.800000011920929	2.0	2.0	2.0	74.616	19.2712	59.9707	13.0	672084.0	0.0	272.0	146.5794	6.099	386.5377	1126.1002	1046.0	199116.0	384.0	2052.0	527.3692	25.136344921775162
sub-CMH0001_ses-02_task-rest_run-2_bold	0.0004853285968028419	0.011844302220248668	6	53.2866907627936	1.0772723783096092	0.9960681828647687	0.4853	6159.4907	0.15346287554672336	200	35.52397868561279	2.7067900000000003	2.924775	2.56846	2.627135	0.00965725	0.010809792205691338	0.04986075311899185	563	110	110	72	2.408896399516681	0.800000011920929	2.0	2.0	2.0	55.5478	19.2712	61.9994	13.0	664510.0	0.0	278.0	155.1853	3.2779	342.722	1081.2319	1039.0	206690.0	423.0	1831.0	431.3168	26.90761679026764
sub-CMH0002_ses-01_task-emp_run-1_bold	0.0005301313868613138	0.01748129401459854	9	62.69790814480996	1.083718983479532	1.0028320083187123	0.4799	1550.8568	0.15282399688898096	179	26.131386861313867	2.7371499999999997	2.967395	2.57605	2.668005	0.0025582	0.029529428109526634	0.022821467369794846	685	110	110	72	2.25680505522788	0.800000011920929	2.0	2.0	2.0	90.8866	36.9287	78.8484	25.0	694790.0	0.0	320.0	178.7804	2.404	338.5842	1035.185	989.0	176410.0	310.0	1807.0	438.2289	21.893446733243763
sub-CMH0002_ses-01_task-emp_run-2_bold	0.003104212827988339	0.017339951603498542	8	59.58569982472992	1.0758450296496347	1.04498940781022	0.4937	1440.8146	0.13818019063796927	104	15.160349854227405	2.7008083333333333	2.856595	2.6489	2.59693	0.00376078	0.02180095948278904	0.01653420552611351	686	110	110	72	2.2865187730331664	0.800000011920929	2.0	2.0	2.0	46.9204	36.9203	79.5644	25.0	686681.0	0.0	331.0	166.1677	2.1272	330.1751	1002.2528	958.0	184519.0	331.0	1752.0	418.9764	20.810081961448304
sub-CMH0002_ses-01_task-rest_run-1_bold	0.0007274460431654677	0.016460597661870503	13	61.70065518630632	1.0845671307387392	1.0237908782342326	0.4809	1559.7322	0.14905209969244554	136	24.46043165467626	2.72807	2.94311	2.572995	2.668105	0.00177042	0.03483347222208977	0.021371494978666306	556	110	110	72	2.298218122028043	0.800000011920929	2.0	2.0	2.0	79.4029	36.9264	80.2266	25.0	696115.0	0.0	324.0	182.0403	2.2179	333.5748	1034.2619	991.0	175085.0	320.0	1797.0	431.2024	22.340671029873192
sub-CMH0002_ses-01_task-rest_run-2_bold	0.0010250355871886123	0.013911090622775799	7	57.828774756684496	1.0601107686809268	1.0339348601604266	0.493	1579.0637	0.12736860170150374	81	14.412811387900355	2.7042216666666667	2.847495	2.6632	2.60197	0.00253632	0.026410479098558426	0.017142940312623978	562	110	110	72	2.29648886324834	0.800000011920929	2.0	2.0	2.0	43.011	35.4163	78.5603	24.0	686128.0	0.0	327.0	166.035	2.0047	327.8054	994.9142	955.0	185072.0	316.0	1734.0	415.8511	22.94672378571704
sub-CMH0002_ses-02_task-emp_run-1_bold	0.0003768613138686131	0.01143708700729927	9	59.013455820409426	1.066798029239767	0.9949161854532158	0.4831	1334.2391	0.17725476660850928	242	35.32846715328467	2.7314166666666666	2.961695	2.589705	2.64285	0.00213792	0.03903699293732643	0.014729834161698818	685	110	110	72	1.987100788263313	0.800000011920929	2.0	2.0	2.0	62.0519	38.4265	86.0889	26.0	695269.0	0.0	379.0	177.3384	4.2556	373.5312	1035.7465	966.0	175931.0	327.0	1909.0	486.134	23.846120326546952
sub-CMH0002_ses-02_task-emp_run-2_bold	0.0008553733528550512	0.014371269355783306	11	55.248075474076195	1.075417478885631	1.009564461554252	0.4911	1357.2784	0.17514738168644817	220	32.210834553440705	2.5774733333333337	2.74114	2.533615	2.457665	0.008471	0.031268343329429626	0.020258061587810516	683	110	110	72	2.3796178266657595	0.800000011920929	2.0	2.0	2.0	31.6681	39.8631	89.6498	27.0	701964.0	0.0	388.0	184.9347	2.6804	330.4011	1045.2521	994.0	169236.0	427.0	1793.0	417.7129	24.552409000345506
sub-CMH0002_ses-02_task-rest_run-1_bold	0.0006893571428571428	0.011721039124999999	9	60.18633102397137	1.0693573575491948	0.9978638833989273	0.481	1393.5573	0.1971895003164423	269	48.035714285714285	2.7159633333333333	2.93692	2.57586	2.63511	0.00340792	0.037519000470638275	0.01365693099796772	560	110	110	72	2.028468256026445	0.800000011920929	2.0	2.0	2.0	55.6064	41.3487	93.0573	28.0	699180.0	0.0	417.0	192.1374	4.4254	400.0246	1127.5983	1053.0	172020.0	385.0	2058.0	519.1094	23.74635303253308
sub-CMH0002_ses-02_task-rest_run-2_bold	0.0007051428571428572	0.012944218303571429	9	55.73823898121644	1.0638988214490173	1.000491263488372	0.4865	1413.4432	0.19736043639440878	252	45.0	2.562405	2.731145	2.524345	2.431725	0.00220637	0.029690586030483246	0.016762489452958107	560	110	110	72	2.360240920895298	0.800000011920929	2.0	2.0	2.0	28.8485	42.744	98.178	29.0	706693.0	0.0	437.0	205.2402	2.9195	356.2614	1145.1117	1081.0	164507.0	487.0	1975.0	458.0027	25.740233393153176
sub-CMH0003_ses-01_task-emp_run-1_bold	0.0028276308139534886	0.04955308706395349	6	81.18864736305679	1.054213029126637	0.9841066514992732	0.4843	1556.8458	0.7503441551615153	597	86.77325581395348	2.6225150000000004	2.75628	2.511585	2.59968	0.0109966	0.013000819832086563	0.04071420803666115	688	110	110	72	2.60863940374745	0.800000011920929	2.0	2.0	2.0	48.3189	35.4467	73.0261	24.0	702726.0	0.0	304.0	147.9501	2.8637	265.4935	981.2069	954.0	168474.0	372.0	1611.0	365.7068	14.41070488927653
sub-CMH0003_ses-01_task-emp_run-2_bold	0.002759622093023256	0.04600706119186047	6	67.63512256825331	1.0220899712663747	0.9794869912663751	0.4875	1714.4725	0.5263619681930402	511	74.27325581395348	2.6797	2.802745	2.614775	2.62158	0.00456348	0.014095732942223549	0.04514268785715103	688	110	110	72	2.5818350412656477	0.800000011920929	2.0	2.0	2.0	54.1476	33.9899	73.0803	23.0	697804.0	0.0	310.0	151.7742	2.8204	263.2686	965.3946	941.0	173396.0	334.0	1579.0	364.4684	15.375765951699577
sub-CMH0003_ses-01_task-rest_run-1_bold	0.003892930728241563	0.02209308188277087	6	71.83734979322057	1.1286334019750885	1.0257298756049824	0.4575	2101.1868	0.4264555288781835	408	72.46891651865009	2.707151666666667	2.938485	2.49139	2.69158	0.00489317	0.014477386139333248	0.029426656663417816	563	110	110	72	2.063924151183512	0.800000011920929	2.0	2.0	2.0	67.1404	32.5698	70.8505	22.0	710159.0	0.0	306.0	142.0464	5.4467	326.0804	1050.672	998.0	161041.0	297.0	1899.0	483.5434	19.72323796839919
sub-CMH0003_ses-01_task-rest_run-2_bold	0.0036221847246891647	0.027208913499111902	6	63.59750677090745	1.0748080702669036	1.0216687512277591	0.486	1818.7578	0.43427805750236387	400	71.04795737122558	2.61547	2.772105	2.51602	2.558285	0.00441663	0.012643692083656788	0.040586650371551514	563	110	110	72	2.531806984703499	0.800000011920929	2.0	2.0	2.0	59.4993	34.0287	73.8402	23.0	697670.0	0.0	318.0	151.0559	2.5949	287.1521	988.5027	965.0	173530.0	340.0	1632.0	381.1496	18.688096711528488
sub-CMH0003_ses-02_task-emp_run-1_bold	0.003328515283842795	0.032874222852983984	7	84.2136191377551	1.0882322529591837	0.9880346146355687	0.4673	1548.4	0.6032521727402664	559	81.36826783114992	2.699003333333333	2.90299	2.48699	2.70703	0.0099321	0.015404772944748402	0.03529560565948486	687	110	110	72	2.0226423144882277	0.800000011920929	2.0	2.0	2.0	48.3301	38.5153	79.4824	26.0	708831.0	0.0	331.0	147.3101	5.2613	347.3692	1091.1122	1027.0	162369.0	318.0	1993.0	507.7501	15.394388847635128
sub-CMH0003_ses-02_task-emp_run-2_bold	0.004080800582241631	0.03450554788937409	7	76.7205250408309	1.0747201695043718	1.006662664358601	0.4905	1496.9309	0.5765237940603396	580	84.4250363901019	2.5046983333333332	2.6159	2.43414	2.464055	0.0121895	0.014034688472747803	0.044155243784189224	687	110	110	72	2.5732676269934722	0.800000011920929	2.0	2.0	2.0	60.969	38.5002	82.1078	26.0	701825.0	0.0	344.0	162.0181	3.2582	300.9402	1038.567	1009.0	169375.0	409.0	1712.0	392.1073	16.17442337376997
sub-CMH0003_ses-02_task-rest_run-1_bold	0.004675124555160142	0.02105896441281139	7	66.14540526420674	1.1021095754901955	1.027390537807488	0.4634	1837.793	0.3507624249316395	378	67.25978647686833	2.60079	2.79354	2.40996	2.59887	0.00760238	0.01429781410843134	0.03201361000537872	562	110	110	72	2.0624062623108554	0.800000011920929	2.0	2.0	2.0	51.9871	37.0334	78.542	25.0	710659.0	0.0	335.0	148.673	4.9706	355.3444	1114.9541	1052.0	160541.0	342.0	2025.0	510.0822	19.140101052587852
sub-CMH0003_ses-02_task-rest_run-2_bold	0.005144099821746881	0.024360732442067733	8	63.317679997839214	1.081557258071428	1.0294374518392868	0.4869	1760.3864	0.33988883813361886	349	62.21033868092692	2.465315	2.60966	2.407515	2.37877	0.00566537	0.014651103876531124	0.04179320111870766	561	110	110	72	2.4937291210043715	0.800000011920929	2.0	2.0	2.0	64.4298	35.556	79.7986	24.0	699393.0	0.0	339.0	158.1892	3.2214	308.6138	1047.7046	1022.0	171807.0	366.0	1740.0	409.8268	19.1760212542722
